PRDKEY;YEAR;MONTH;INDICODECR;COICOP;DESCRIZIONE;MARCA;FORMATO;MERCATO;FAMIGLIA;EAN;TURNOVERCURR;QUANTITYCURR;PRICECURR;COUNTPDVCURR;TURNOVERPREV;QUANTITYPREV;PRICEPREV;COUNTPDVPREV;VTURNOVER;VPRICE
1096502;2020;5;01020501;01.1.8.3.0.00;WITOR'S WITOR'S NOBIO OVE UNI MINI CREMA LATTE LATTE RIPIENI SAC 1 01000.0 GR;WITOR'S;1000GR;Ovetti Pieni o Ripieni Latte (Ciocc. al);OVETTI PIENI O RIPIENI;8003535007249;2625.97;1121.0;2.34;109;10541.79;2522.0;4.18;242;-75.08990408649764;-43.957839523770794
1096598;2020;5;01020501;01.1.8.3.0.00;WITOR'S WITOR'S NOBIO OVE UNI MINI CREMA LATTE LATTE RIPIENI SAC 1 00500.0 GR;WITOR'S;500GR;Ovetti Pieni o Ripieni Latte (Ciocc. al);OVETTI PIENI O RIPIENI;8003535007201;2007.68;1119.0;1.79;168;11541.84;4282.0;2.7;422;-82.60519986414644;-33.43651994483921
11406745;2020;5;01020304;01.1.8.3.0.00;HARIBO HARIBO NOBIO OVETTI CONFETTATI BUNTE KNUSPER-EIER SACCHETTO 01 0090.0 GR;HARIBO;90GR;Altri Fuori Pasto Dolci Bocconcini Conf;ALTRI FUORI PASTO DOLCI;9002975833585;10.24;19.0;0.54;3;174.31;205.0;0.85;21;-94.1254087545178;-36.6162523513764
11915644;2020;5;01170602;01.1.9.9.0.00;PL PL STD PL 01 BUDINO 2 C/ZUCC PREBUD STD 00200.0 C.G. GR CREME CARAMEL NOBIO PL 02.00;AUCHAN;200GR;Preparati per Dessert Specialita;PREPARATI PER DESSERT;8005476598077;8.8;13.0;0.68;4;33.1;33.0;1.0;129;-73.41389728096676;-32.51220079014641
12264675;2020;5;04021107;01.1.7.2.0.00;EST MAGE ZUCCHINE FETTE STD 1 0450 GR NOBIO;MAGE;450GR;Surg Vegetali Naturali/Frutta - Altri Vegetali Naturali;SURG VEGETALI NATURALI/FRUTTA;8011386824366;38.17;23.0;1.66;1;612.56;209.0;2.93;21;-93.76877367115058;-43.37711727262919
20867382;2020;5;01020501;01.1.8.3.0.00;VENEZIA DOLCERIE VENEZIANE NOBIO OVE UNI PRIMAVERA CREMA NOC CER LATTE RIPIENI CEST 1 00250.0 GR;DOLCERIE VENEZIANE;250GR;Ovetti Pieni o Ripieni Latte (Ciocc. al);OVETTI PIENI O RIPIENI;8002749560663;62.46;18.0;3.47;7;14516.24;1417.0;10.24;281;-99.56972328922642;-66.1276611574347
22076394;2020;5;01020501;01.1.8.3.0.00;VERGANI CHACAO NOBIO OVE UNI STD MISTO LATTE RIPIENI BUS 1 00450.0 GR;CHACAO;450GR;Ovetti Pieni o Ripieni Latte (Ciocc. al);OVETTI PIENI O RIPIENI;8002325446206;342.15;522.0;0.66;39;1926.55;889.0;2.17;90;-82.24027406503853;-69.75402996900242
23810870;2020;5;01020501;01.1.8.3.0.00;LINDT LINDOR NOBIO OVE UNI STD LATTE LATTE RIPIENI SAC 1 00180.0 GR;LINDOR;180GR;Ovetti Pieni o Ripieni Latte (Ciocc. al);OVETTI PIENI O RIPIENI;8003340049427;21942.07;11119.0;1.97;583;185753.04;64054.0;2.9;1978;-88.1875042260412;-31.95093045191501
23923997;2020;5;01020304;01.1.8.3.0.00;CIDNEO CIDNEO NOBIO OVETTI CONFETTATI STD SACCHETTO 01 0040.0 GR;CIDNEO;40GR;Altri Fuori Pasto Dolci Bocconcini Conf;ALTRI FUORI PASTO DOLCI;8000038123124;60.55;47.0;1.29;9;1106.98;417.0;2.65;51;-94.53016314657899;-51.4697453643284
23924126;2020;5;01020801;01.1.8.3.0.00;CARAMELLAMANIA MANIA NOBIO OVE OLD ENGLAND LATTE CREMA NOCC.CER CONF.REG. 1 00050.0 GR;MANIA;50GR;Praline - Cioccolatini Impulso inf 70 gr;PRALINE e CIOCCOLATINI;8016531148694;96.2;73.0;1.32;15;5241.71;1816.0;2.89;157;-98.1647210547703;-54.34429363647746
24738773;2020;5;03090801;01.1.9.4.0.00;PARMACOTTO PARMACOTTO TONNO/POMODORO 1 02 TRAMEZZ 140 GR NOBIO;PARMACOTTO;140GR;Snacks Salati Tramezzini / Toast;SNACKS SALATI;8008835001683;267.74;189.0;1.42;21;2026.59;991.0;2.04;78;-86.78864496518783;-30.72776275397427
24982178;2020;5;01020501;01.1.8.3.0.00;MONDELEZ MILKA NOBIO OVE UNI STD CREMA TORRONE.CROCCANTI CEREALI LATTE RIPIENI SAC 1 00100.0 GR;MILKA;100GR;Ovetti Pieni o Ripieni Latte (Ciocc. al);OVETTI PIENI O RIPIENI;7622210379399;55.99;111.0;0.5;8;623.32;487.0;1.28;25;-91.0174549188218;-60.590095004200116
2520904;2020;5;01010503;01.1.1.4.2.00;LOISON NOBIO LOISON STD TONDA SEMPLICE FOCACCIA CLASS 1 00700 GR TORTE.PRONTE;LOISON;700GR;Torte Pronte Altre;TORTE PRONTE;8003475010118;92.69;49.0;1.89;9;765.41;182.0;4.21;31;-87.89015037692218;-55.020558542853784
25517956;2020;5;01020501;01.1.8.3.0.00;WITOR'S WITOR'S NOBIO OVE UNI MAXI OVETTI CREMA LATTE LATTE RIPIENI SAC 1 00125.0 GR;WITOR'S;125GR;Ovetti Pieni o Ripieni Latte (Ciocc. al);OVETTI PIENI O RIPIENI;8003535052256;736.73;1357.0;0.54;69;2965.22;3287.0;0.9;169;-75.15428872056711;-39.81735226566255
25580278;2020;5;01020304;01.1.8.3.0.00;CIDNEO CIDNEO NOBIO OVETTI CONFETTATI CREMA CACAO SACCHETTO 01 0175.0 GR;CIDNEO;175GR;Altri Fuori Pasto Dolci Bocconcini Conf;ALTRI FUORI PASTO DOLCI;8000038500055;548.36;421.0;1.3;102;4156.95;1914.0;2.17;253;-86.80859764971915;-40.027686226989175
26443480;2020;5;01020501;01.1.8.3.0.00;ROVELLI ROVELLI NOBIO OVE UNI PERLA BIANCA CREMA LATTE LATTE RIPIENI BOUQUET 1 00138.0 GR;ROVELLI;138GR;Ovetti Pieni o Ripieni Latte (Ciocc. al);OVETTI PIENI O RIPIENI;8004333008353;94.64;156.0;0.61;14;719.06;432.0;1.66;41;-86.83837231941702;-63.5524156537702
26458906;2020;5;01010503;01.1.1.4.2.00;GIAMPAOLI NOBIO GIAMPAOLI DOLCE DI PRIMAVERA AST S/UVETTA CANDITI SENZA ZUCCHERI 1 0600 GR TORTERICORRENZA;GIAMPAOLI;600GR;Torte Pronte Altre;TORTE PRONTE;8003040018860;134.28;57.0;2.36;11;684.97;115.0;5.96;29;-80.39622173233865;-60.44851753015691
33611455;2020;5;01010503;01.1.1.4.2.00;PL NOBIO PL PL VENEZIANA INCAR SCORZE ARANCIA.GLASSA.MANDORLE 1 0900 GR TORTERICORRENZA PL;UNES;900GR;Torte Pronte Altre;TORTE PRONTE;8000633024895;675.01;289.0;2.34;10;9593.41;1883.0;5.09;49;-92.96381578604479;-54.155242647482176
33796102;2020;5;01180702;01.1.4.6.0.00;DOGHOUSE RISO SCOTTI CHICCOLAT BIO SENZA GLUTINE UHT RISO CALCIO BRICK 01 1000.0 BEV.SOIA ML;CHICCOLAT;1000ML;Sostitutivi del Latte Uht Riso;SOSTITUTIVI del LATTE UHT;8001860250163;16.33;19.0;0.86;4;182.42;110.0;1.66;84;-91.04813068742463;-48.17338819035309
34991932;2020;5;01180209;01.1.4.3.0.00;LACTALIS ZYMIL NOBIO ALTA DIGERIBILITA' STD PLAS P.S. 06 BOTT 1000 ML;ZYMIL;1000ML;Latte Uht Alta Digeribilita/Delattosato;LATTE UHT;8002580017852;788.18;459.0;1.72;19;12201.77;2994.0;4.08;288;-93.54044536161557;-57.86512726073423
36542694;2020;5;01020501;01.1.8.3.0.00;FIETTA DOLCE IDEA NOBIO OVE UNI DOLCEZZE PASQUALI LATTE LATTE NON RIPIENI BUS 01 0100.0 GR;DOLCE IDEA;100GR;Ovetti Pieni o Ripieni Latte (Ciocc. al);OVETTI PIENI O RIPIENI;8029404008704;277.79;201.0;1.38;43;1764.31;795.0;2.22;115;-84.25503454608317;-37.725136637493144
36645840;2020;5;01010102;01.1.1.4.2.00;PL PL PL RICOPERTI PL UNITIPO PASTIC PASQUALINA BIANCA 01 CIOCCOLATO VASCHETTA 01 PASTIC 00200.00 GR NOBIO NON PORZ. PL;CONAD;200GR;Pasticceria Ric./Gocce Ciocc/Glassa;PASTICCERIA;8004048018371;41.03;31.0;1.32;7;156.16;54.0;2.89;17;-73.72566598360656;-54.23180526176626
36656259;2020;5;03100105;01.1.1.6.2.00;PAST.OROBICO DERETTI PAST.OROBICO DERETTI NOBIO GIALLI MEZZELUNE FANT FRESCA BACCALA' SCAROLA 1 0250 GR FUOR D' ACQUA;PAST.OROBICO DERETTI;250GR;Pasta Fresca Ripena Base Pesce;PASTA FRESCA RIPIENA;8000878003488;64.69;28.0;2.31;8;370.44;103.0;3.6;28;-82.53698304718714;-35.761044780724085
3743989;2020;5;01020501;01.1.8.3.0.00;WITOR'S WITOR'S NOBIO OVE UNI MINI CREMA NOCCIOLA LATTE RIPIENI SAC 1 01000.0 GR;WITOR'S;1000GR;Ovetti Pieni o Ripieni Latte (Ciocc. al);OVETTI PIENI O RIPIENI;8003535007140;4905.29;1894.0;2.59;159;16424.06;4006.0;4.1;348;-70.13351144601273;-36.82938059806074
37533936;2020;5;01010503;01.1.1.4.2.00;MARCHI VANDA MARCHI VANDA NOBIO TONDA SEMPLICE PASQUA CLASS SCHIACCIATA 1 00500 TORTE.PRONTE GR;MARCHI VANDA;500GR;Torte Pronte Altre;TORTE PRONTE;8022351000173;41.84;15.0;2.79;1;2778.8;491.0;5.66;16;-98.49431409241399;-50.71388129168466
38006855;2020;5;04020201;01.1.9.4.0.00;CAMEO RISTORANTE STD 01 PIZZA MARGHERITA NOBIO 1 0330 SURGELATI ALTERN. GR FACE17;RISTORANTE;330GR;Surg Pizzeria - Pizza Classica;SURG PIZZERIA;8003000563539;20.2;10.0;2.02;1;425.6;143.0;2.98;17;-95.25375939849624;-32.12875939849624
40192415;2020;5;03010101;01.1.4.5.2.00;BARLOTTI BARLOTTI NOBIO CAMPANA DOP TRADIZ BUF TAVOLA 1 00250 GR 001 MOZZAR PALLA BUSTA FACE17;BARLOTTI;250GR;Mozzarelle Bufala;MOZZARELLE;8033140802519;137.26;32.0;4.29;1;881.21;74.0;11.91;1;-84.42369015331192;-63.97978347953382
41197435;2020;5;01010503;01.1.1.4.2.00;PALUANI NOBIO PALUANI RAMO GOLOSO FARC AST CREMA LIMONE 1 0400 GR TORTERICORRENZA S/OLIO DI PALMA;PALUANI;400GR;Torte Pronte Altre;TORTE PRONTE;8002540001792;70.47;71.0;0.99;5;783.65;479.0;1.64;168;-91.00746506731322;-39.33205305976098
42297250;2020;5;03080205;01.1.1.8.0.00;BUITONI BUITONI NOBIO 01 ROTOLO 01 PASTA BRISEE LA BRISEE LEGGERA 00230.0 STD GR -30% DI GRASSI;BUITONI;230GR;Basi Pasta Brisee;BASI;7613036294430;21.63;17.0;1.27;2;5411.69;2888.0;1.87;719;-99.60030969992738;-32.09967137589834
42363064;2020;5;01020501;01.1.8.3.0.00;ICAM ICAM NOBIO OVE UNI JUVENTUS CREMA NOC LATTE RIPIENI SAC 1 00130.0 GR;ICAM;130GR;Ovetti Pieni o Ripieni Latte (Ciocc. al);OVETTI PIENI O RIPIENI;8006070087110;3115.02;2936.0;1.06;384;10622.51;6820.0;1.56;637;-70.67529237440115;-31.881980242989055
42484945;2020;5;01010503;01.1.1.4.2.00;PALUANI NOBIO PALUANI UOVO COCO E CIOCCOLATO FARC AST CR.COCCO.CIOCCOLATO.SCAGLIETTE COCCO 1 0750 GR TORTERICORRENZA;PALUANI;750GR;Torte Pronte Altre;TORTE PRONTE;8002540013207;497.15;232.0;2.14;24;3712.13;1123.0;3.31;66;-86.60741945998659;-35.17298298950403
42640576;2020;5;01020304;01.1.8.3.0.00;CARAMELLAMANIA MANIA NOBIO OVETTI CONFETTATI QUAGLIA CREMA NOCCIOLA SACCHETTO 01 0150.0 GR;MANIA;150GR;Altri Fuori Pasto Dolci Bocconcini Conf;ALTRI FUORI PASTO DOLCI;8016531005461;81.98;60.0;1.37;16;2409.53;1221.0;1.97;125;-96.59767672533647;-30.762721360597293
42805651;2020;5;01020501;01.1.8.3.0.00;SORINI SORINI NOBIO OVE UNI CONIGLIETTO CREMA NOCCIOLA LATTE RIPIENI SCAT 1 00100.0 GR;SORINI;100GR;Ovetti Pieni o Ripieni Latte (Ciocc. al);OVETTI PIENI O RIPIENI;8006423130500;224.45;228.0;0.98;34;967.38;506.0;1.91;54;-76.79815584361884;-48.508187968733054
42817813;2020;5;01010503;01.1.1.4.2.00;EUROFOOD NOBIO NATTURA DOLCE PASQUA FARC AST GOCCE CIOCCOLATO 1 0500 GR TORTERICORRENZA S/OLIO DI PALMA S/ZUCCHERI AGGIUNTI;NATTURA;500GR;Torte Pronte Altre;TORTE PRONTE;8000003060522;55.11;24.0;2.3;7;335.59;90.0;3.73;14;-83.57817575017134;-38.418159063142525
44152887;2020;5;01020304;01.1.8.3.0.00;CARAMELLAMANIA MANIA NOBIO OVETTI CONFETTATI OVOMETRO CIOCCOLATO FONDENTE SACCHETTO 01 0100.0 GR;MANIA;100GR;Altri Fuori Pasto Dolci Bocconcini Conf;ALTRI FUORI PASTO DOLCI;8016531005447;85.82;83.0;1.03;10;1796.72;926.0;1.94;77;-95.2235184113273;-46.71057890227815
44228160;2020;5;04010201;01.1.8.5.0.00;SOC.AGR.FIORENTINI ANGE.STEFANO CASCINA BIRAGA NOBIO SECCHIELLO STD 00250.0 MENTA.CIOCCOLATO GR GELATO 1;CASCINA BIRAGA;250GR;Gelati Vaschette - Fino a 299 Gr;GELATI VASCHETTE;8057829291524;27.38;11.0;2.49;2;127.11;34.0;3.74;8;-78.4596019195972;-33.42058775148225
45179547;2020;5;01140111;01.2.1.1.0.00;TORREFAZIONE POLI POLI STD ESPR ELETT ALTRE M. MACIN 01 010 CIALDE SCAT 0052.000 GR NONEQUOSOLIDALE NOBIO;POLI;52GR;Caffe Macinato Capsule Nespresso;CAFFE MACINATO;8019650001857;21.0;14.0;1.5;3;99.9;37.0;2.7;5;-78.97897897897897;-44.44444444444444
4596444;2020;5;01170405;01.1.9.9.0.00;LA FENICE LA FENICE STD DECORAZIONI ZUCCHERO PECORELLA E AGNELLIN 01 001 DECOR 00300.0 GR NOBIO;LA FENICE;300GR;Ingredienti per Pasticceria Decorazioni;INGREDIENTI PER PASTICCERIA;8026841100732;164.07;118.0;1.39;28;3093.5;1510.0;2.05;104;-94.6962986908033;-32.13060189078796
46360991;2020;5;011705XX;01.1.9.9.0.00;MOLINO ROSSETTO CUOREDI CAKE TORTA APPLE PIE COTTURA STD 01 GR 00400.0 CAKE NOBIO;CUOREDI;400GR;Preparati Per Torte Nr;PREPARATI PER TORTE;8018211901186;89.55;100.0;0.9;30;305.18;171.0;1.78;69;-70.65666164230946;-49.82289140834917
46458158;2020;5;03060104;01.1.2.7.2.00;PL PL NOBIO STD NORM FAMIGLIA SALAME FETTE 1 080 GR PL A.M.;PENNY MARKET;80GR;Affettati Salame;AFFETTATI;4388860530650;42.06;35.0;1.2;12;705.82;386.0;1.83;128;-94.04097361933637;-34.28045191610973
49778419;2020;5;01010503;01.1.1.4.2.00;MOTTA NOBIO TARTUFONE TARTUFIORE FARC/RICOP AST CREMA CIOCCOLATO.GRANELLA TARTUFATA 1 0450 GR TORTERICORRENZA;TARTUFONE;450GR;Torte Pronte Altre;TORTE PRONTE;8034097874932;418.75;220.0;1.9;28;9924.14;3406.0;2.91;299;-95.78049080323333;-34.674325799148704
49901635;2020;5;04020201;01.1.9.4.0.00;CAMEO RISTORANTE STD 01 PIZZA FUNGHI NOBIO 1 0365 SURGELATI ALTERN. GR FACE19;RISTORANTE;365GR;Surg Pizzeria - Pizza Classica;SURG PIZZERIA;8003000562839;27.12;13.0;2.09;1;354.57;117.0;3.03;15;-92.35129875623996;-31.161688806159574
49978774;2020;5;01020802;01.1.8.3.0.00;RUBEZAHL FRIEDEL NOBIO PRAL UNI EASTER PARTY MIX MIX BUS 01 00164.0 GR;FRIEDEL;164GR;Praline - Cioccolatini Sacchetto;PRALINE e CIOCCOLATINI;4008601250486;26.13;25.0;1.05;2;359.52;226.0;1.59;22;-92.73197596795728;-34.29706275033378
50560687;2020;5;01010105;01.1.1.4.2.00;DOGHOUSE SAPORI SIENA SAPORI COLOMBELLE PASTIC.SENZA FARINA 06 ALTRE VARIETA' MANDORLA UNITIPO SACCHETTO 01 00127.00 GR NOBIO PORZIONATA;SAPORI;127GR;Pasticceria Altra Unitipo;PASTICCERIA;8002590061289;2130.69;1722.0;1.24;131;10679.3;5941.0;1.8;367;-80.04841141273305;-31.165860745091184
51586495;2020;5;01010503;01.1.1.4.2.00;MAINA NOBIO MAINA SENZA LATTOSIO FARC/RICOP AST CREMA CIOCCOLATO 1 0400 GR TORTERICORRENZA S/OLIO DI PALMA S/LATTOSIO;MAINA;400GR;Torte Pronte Altre;TORTE PRONTE;8005190404777;235.58;210.0;1.12;26;1222.62;532.0;2.3;120;-80.7315437339484;-51.186577459335965
51598135;2020;5;01010105;01.1.1.4.2.00;DOGHOUSE SAPORI SIENA SAPORI COLOMBELLE PASTIC.SENZA FARINA 06 ALTRE VARIETA' MANDORLA.AGRUMI UNITIPO SACCHETTO 01 00127.00 GR NOBIO PORZIONATA;SAPORI;127GR;Pasticceria Altra Unitipo;PASTICCERIA;8002590061388;1661.58;1405.0;1.18;160;7659.67;4427.0;1.73;318;-78.30742055467141;-31.64907529930986
51909552;2020;5;01020501;01.1.8.3.0.00;CONFETTI CRISPO CRISPO NOBIO OVE UNI FARAONA CREMA NOCCIOLA E CEREALI LATTE RIPIENI SAC 1 00500.0 GR;CRISPO;500GR;Ovetti Pieni o Ripieni Latte (Ciocc. al);OVETTI PIENI O RIPIENI;8005085720241;568.24;446.0;1.27;35;5638.68;2552.0;2.21;140;-89.92246412280889;-42.3366108551755
53136525;2020;5;01020501;01.1.8.3.0.00;RED LINE GRIMALDI NOBIO OVE UNI STD CREMA NOCCIOLA LATTE RIPIENI BUS 1 00120.0 GR;GRIMALDI;120GR;Ovetti Pieni o Ripieni Latte (Ciocc. al);OVETTI PIENI O RIPIENI;8015736020613;80.32;34.0;2.36;15;941.29;256.0;3.68;72;-91.46702928959195;-35.751749945162864
53555409;2020;5;01020801;01.1.8.3.0.00;MONSIEUR LE CHOCOLATIER MONSIEUR LE CHOCOLATIER STD MIX OVE 1 CIOCT 00040.0 GR NOBIO;MONSIEUR LE CHOCOLATIER;40GR;Praline - Cioccolatini Impulso inf 70 gr;PRALINE e CIOCCOLATINI;8021436500225;37.92;65.0;0.58;19;421.27;95.0;4.43;27;-90.99864694851283;-86.84417630936491
5653740;2020;5;01020304;01.1.8.3.0.00;CONFETTI CRISPO CRISPO NOBIO OVETTI CONFETTATI TORTORA SACCHETTO 01 0500.0 GR;CRISPO;500GR;Altri Fuori Pasto Dolci Bocconcini Conf;ALTRI FUORI PASTO DOLCI;8005085701707;767.23;481.0;1.6;71;7992.9;2861.0;2.79;193;-90.40110598155863;-42.905538904863306
57307663;2020;5;03100107;01.1.1.6.2.00;PICCININI PICCININI NOBIO GIALLI TORTELLINI T.INI FRESCA PROSCIUTTO CRUDO 2 0500 GR;PICCININI;500GR;Pasta Fresca Ripena Prosciutto Crudo;PASTA FRESCA RIPIENA;8021018005803;86.56;16.0;5.41;2;3214.94;370.0;8.69;33;-97.30757028124941;-37.73756275389276
58131319;2020;5;01010503;01.1.1.4.2.00;GENTILINI NOBIO GENTILINI DELIZIA FARC AST GOCCE CIOCCOLATO 1 1000 GR TORTERICORRENZA;GENTILINI;1000GR;Torte Pronte Altre;TORTE PRONTE;8007465000110;272.75;102.0;2.67;16;7380.65;874.0;8.44;83;-96.30452602413067;-68.33486024598237
584050;2020;5;01020203;01.1.8.4.0.00;CIDNEO CIDNEO GALLINELLE NORM SAC DUR SCART STD 1 00150.0 GR NOBIO;CIDNEO;150GR;Caramelle Dure e Ripiene;CARAMELLE;8000038015832;19.38;16.0;1.21;8;81.37;35.0;2.32;16;-76.18286837900946;-47.9000245790832
59069835;2020;5;01020501;01.1.8.3.0.00;LINDT LINDOR NOBIO OVE UNI STD PISTACCHIO LATTE RIPIENI SAC 1 00180.0 GR;LINDOR;180GR;Ovetti Pieni o Ripieni Latte (Ciocc. al);OVETTI PIENI O RIPIENI;8003340008806;11442.54;5647.0;2.03;352;71249.89;23548.0;3.03;827;-83.94026994287289;-33.030897222378414
59799375;2020;5;01020501;01.1.8.3.0.00;COLUSSI LA SUISSA NOBIO OVE UNI MAXI OVETTI CREMA CACAO CEREALI LATTE RIPIENI BUS 1 00400.0 GR;LA SUISSA;400GR;Ovetti Pieni o Ripieni Latte (Ciocc. al);OVETTI PIENI O RIPIENI;8008429239416;470.38;325.0;1.45;61;3300.12;961.0;3.43;114;-85.74657891228198;-57.85373026062456
647767;2020;5;01010503;01.1.1.4.2.00;PALUANI NOBIO PALUANI TORTA MIMOSA FARC AST CIOC.BIAN.CR.LATTE PANNA 1 0600 GR TORTERICORRENZA;PALUANI;600GR;Torte Pronte Altre;TORTE PRONTE;8002540003239;917.27;448.0;2.05;82;13756.93;4179.0;3.29;458;-93.33230597233539;-37.80291664819113
664015;2020;5;02030102;02.1.2.1.2.00;MELONI MELONI CANNONAU DOC FERMO ROSSO VET 01 0075.0 CL NOBIO SARDO;MELONI;750ML;Vino Doc/Docg Italiano Rosso;DOC DOCG ITALIANO;8002695003016;41.23;17.0;2.43;7;328.18;71.0;4.62;44;-87.43677250289475;-47.530049865031025
1084605;2020;5;01020304;01.1.8.3.0.00;CONFETTI CRISPO CRISPO NOBIO OVETTI CONFETTATI STD SACCHETTO 01 0200.0 GR;CRISPO;200GR;Altri Fuori Pasto Dolci Bocconcini Conf;ALTRI FUORI PASTO DOLCI;8005085710600;59.62;67.0;0.89;9;570.81;415.0;1.38;36;-89.55519349696046;-35.30455673490434
1096515;2020;5;01020501;01.1.8.3.0.00;WITOR'S WITOR'S NOBIO OVE UNI MINI CREMA NOCCIOLA LATTE RIPIENI SAC 1 00500.0 GR;WITOR'S;500GR;Ovetti Pieni o Ripieni Latte (Ciocc. al);OVETTI PIENI O RIPIENI;8003535005634;2470.59;1481.0;1.67;212;17384.73;6954.0;2.5;541;-85.78873528665675;-33.27134718663805
12672271;2020;5;01090101;01.1.9.1.0.00;BARILLA BARILLA NOBIO BASILICO STD SUGHI SUGO UHT SING VASO 1 00500 GR;BARILLA;500GR;Sughi Pronti Base Pomod (Olio);SUGHI PRONTI E BASI;8076809541466;14.4;18.0;0.8;2;797.47;633.0;1.26;77;-98.19428944035512;-36.499178652488496
13484104;2020;5;05040302;05.6.1.2.0.00;CONTITAL PRESTO FATTO STD ROT.ALLUM ALLUMINIO 1 008 MT;PRESTO FATTO;800CM;Avvolgenti Alimentari Alluminio;AVVOLGENTI ALIMENTARI;8011851120252;8.93;10.0;0.89;1;38.86;20.0;1.94;1;-77.02007205352548;-54.04014410705095
1454640;2020;5;01020304;01.1.8.3.0.00;CONFETTI CRISPO CRISPO NOBIO OVETTI CONFETTATI GALLINA ACET 01 0210.0 GR;CRISPO;210GR;Altri Fuori Pasto Dolci Bocconcini Conf;ALTRI FUORI PASTO DOLCI;8005085472201;145.95;63.0;2.32;22;5914.95;1403.0;4.22;183;-97.53252352090888;-45.049690473574024
20988223;2020;5;01020501;01.1.8.3.0.00;VERGANI CHACAO NOBIO OVE UNI STD CREMA NOC LATTE RIPIENI BUS 1 00450.0 GR;CHACAO;450GR;Ovetti Pieni o Ripieni Latte (Ciocc. al);OVETTI PIENI O RIPIENI;8002325446244;305.64;473.0;0.65;34;1359.31;691.0;1.97;69;-77.51506278920922;-67.15202618888706
21434503;2020;5;03060304;01.1.2.7.2.00;C.L.A.I. C.L.A.I. NOBIO ORO UNGHERESE 1 0250 GR FACE13;C.L.A.I.;250GR;Interi/Tranci Salame;SALUMI INTERI/TRANCI;8015832002209;48.03;17.0;2.83;2;212.83;36.0;5.91;28;-77.4326927594794;-52.210408196544606
22028578;2020;5;01020501;01.1.8.3.0.00;VENEZIA DOLCERIE VENEZIANE NOBIO OVE UNI SWEET BOUQUET LATTE LATTE NON RIPIENI BOUQUET 1 00090.0 GR;DOLCERIE VENEZIANE;90GR;Ovetti Pieni o Ripieni Latte (Ciocc. al);OVETTI PIENI O RIPIENI;8002749561486;689.91;272.0;2.54;59;16649.96;3028.0;5.5;545;-95.85638644176923;-53.871831417930984
22078795;2020;5;01020501;01.1.8.3.0.00;GI.TI.ESSE GI.TI.ESSE IL DOLCE BOUQUET OVE 1 CIOCC 00250.0 GR NOBIO +SORPRESA;GI.TI.ESSE;250GR;Ovetti Pieni o Ripieni Latte (Ciocc. al);OVETTI PIENI O RIPIENI;8014433000720;49.65;17.0;2.92;4;5142.21;551.0;9.33;63;-99.03446183644775;-68.70520422839482
22137952;2020;5;01020501;01.1.8.3.0.00;CARAMELLAMANIA CARAMELLAMANIA NOBIO OVE UNI VASETTI PROVENZALI CREMA NOCC LATTE RIPIENI SAC 1 00100.0 GR AB.VASETTI PROVENZALI;CARAMELLAMANIA;100GR;Ovetti Pieni o Ripieni Latte (Ciocc. al);OVETTI PIENI O RIPIENI;8016531148625;102.3;37.0;2.76;10;7295.92;1600.0;4.56;257;-98.59784646761477;-39.366333734693036
23810322;2020;5;01020304;01.1.8.3.0.00;BAULI BAULI NOBIO OVETTI CONFETTATI ARCOBALENO CREMA NOCCIOLA SACCHETTO 01 0180.0 GR;BAULI;180GR;Altri Fuori Pasto Dolci Bocconcini Conf;ALTRI FUORI PASTO DOLCI;8001720488309;3192.97;3185.0;1.0;171;16163.77;6944.0;2.33;371;-80.24613069846947;-56.93222341292686
23813322;2020;5;02030101;02.1.2.1.2.00;COLTIVA RIGHI NOBIO DOC PIGNOLETTO DEL RENO DOC 06 0075.0 CL;RIGHI;750ML;Vino Doc/Docg Italiano Bianco;DOC DOCG ITALIANO;8001929139590;339.73;117.0;2.9;8;1340.24;78.0;17.18;49;-74.65155494538291;-83.10103663025528
23868507;2020;5;01020304;01.1.8.3.0.00;CIDNEO CIDNEO NOBIO OVETTI CONFETTATI STD SACCHETTO 01 0150.0 GR;CIDNEO;150GR;Altri Fuori Pasto Dolci Bocconcini Conf;ALTRI FUORI PASTO DOLCI;8000038990115;623.55;386.0;1.62;102;9210.32;3771.0;2.44;402;-93.2298769206716;-33.85975613433312
23884944;2020;5;01020304;01.1.8.3.0.00;ICAM ICAM NOBIO OVETTI CONFETTATI CREMA NOCCIOLA SAC 01 0160.0 GR;ICAM;160GR;Altri Fuori Pasto Dolci Bocconcini Conf;ALTRI FUORI PASTO DOLCI;8006070077777;629.79;718.0;0.88;54;3328.67;2290.0;1.45;156;-81.07983068312569;-39.65572738768501
23913864;2020;5;01010503;01.1.1.4.2.00;S.ANGELO S.ANGELO NOBIO TONDA SEMPLICE PIZZA DOLCE CLASS TORTA 1 00600 TORTE.PRONTE GR;S.ANGELO;600GR;Torte Pronte Altre;TORTE PRONTE;8003896011077;244.54;179.0;1.37;10;2194.53;942.0;2.33;34;-88.85683950549776;-41.35833974401615
24814629;2020;5;01010301;01.1.1.4.2.00;PASTIC.POZZO PASTIC.POZZO SFOGLIA CROISSANT 005 BRIOCHE CLASS BRIOCHE 1 00250.00 GR NOBIO;PASTIC.POZZO;250GR;Merendine Croissant;MERENDINE;8031956003779;40.47;39.0;1.04;7;2354.55;895.0;2.63;45;-98.28120022934318;-60.555748852875695
24982170;2020;5;01020501;01.1.8.3.0.00;MONDELEZ MILKA NOBIO OVE UNI STD LATTE LATTE NON RIPIENI SAC 1 00100.0 GR FACE19;MILKA;100GR;Ovetti Pieni o Ripieni Latte (Ciocc. al);OVETTI PIENI O RIPIENI;7622210379405;112.63;200.0;0.56;7;1317.04;1083.0;1.22;23;-91.44824758549474;-53.69226067545405
24984873;2020;5;01020501;01.1.8.3.0.00;MONDELEZ MILKA NOBIO OVE UNI STD CREMA.CROCCANTI CEREALI LATTE RIPIENI SAC 1 00100.0 GR;MILKA;100GR;Ovetti Pieni o Ripieni Latte (Ciocc. al);OVETTI PIENI O RIPIENI;7622210379429;64.93;132.0;0.49;9;740.38;707.0;1.05;19;-91.23017909722034;-53.02830774041504
25397108;2020;5;01020501;01.1.8.3.0.00;WITOR'S WITOR'S NOBIO OVE UNI MAXI OVETTI CREMA LATTE.CEREALI LATTE RIPIENI SAC 1 00100.0 GR +PELUCHE;WITOR'S;100GR;Ovetti Pieni o Ripieni Latte (Ciocc. al);OVETTI PIENI O RIPIENI;8003535052652;559.36;306.0;1.83;36;2005.08;704.0;2.85;80;-72.10285873880343;-35.818341673587
25526972;2020;5;01020501;01.1.8.3.0.00;WITOR'S WITOR'S NOBIO OVE UNI MINI OVETTI CER.NOC LATTE RIPIENI SAC 1 00125.0 GR;WITOR'S;125GR;Ovetti Pieni o Ripieni Latte (Ciocc. al);OVETTI PIENI O RIPIENI;8003535052218;891.15;1639.0;0.54;85;3319.8;3728.0;0.89;200;-73.15651545273812;-38.9429466795654
25538951;2020;5;01020501;01.1.8.3.0.00;WITOR'S WITOR'S NOBIO OVE UNI BIANCO CUORE CR.LATTE CEREALI CROCCAN. LATTE RIPIENI CUPCAKE 1 00100.0 GR;WITOR'S;100GR;Ovetti Pieni o Ripieni Latte (Ciocc. al);OVETTI PIENI O RIPIENI;8003535052577;279.21;230.0;1.21;37;1981.64;626.0;3.17;103;-85.91015522496518;-61.65111813403566
25614971;2020;5;01020501;01.1.8.3.0.00;CONFETTI CRISPO CRISPO NOBIO OVE UNI STD CREMA LATTE LATTE RIPIENI BUS 1 00150.0 GR;CRISPO;150GR;Ovetti Pieni o Ripieni Latte (Ciocc. al);OVETTI PIENI O RIPIENI;8005085714738;131.68;232.0;0.57;29;882.8;969.0;0.91;71;-85.08382419574083;-37.69924847272784
26416052;2020;5;01010503;01.1.1.4.2.00;S.ANGELO S.ANGELO NOBIO TONDA SEMPLICE PASQUALINA PIZZA DOLCE GLASSA TORTA 1 00500 TORTE.PRONTE GR;S.ANGELO;500GR;Torte Pronte Altre;TORTE PRONTE;8003896000927;59.15;27.0;2.19;14;1337.59;417.0;3.21;36;-95.57786765750342;-31.7026227103306
2694587;2020;5;05040501;05.6.1.2.0.00;MECO MECO STD ROT NERO BUSTA 50X60 1 020 SAC;MECO;20UNI;Sacchetti Spazzatura Piccoli;SACCHETTI SPAZZATURA;8000962000508;297.47;145.0;2.05;18;1167.27;316.0;3.69;19;-74.51575042620816;-44.46191127366744
32328249;2020;5;03060202;01.1.2.7.2.00;PL PL NOBIO DA ASPORTO TAGLIO FINE FIAMMIFERI AFFUMICATA 1 090 GR PL;AUCHAN;90GR;Quadrettati Pancetta Affumicata;SALUMI QUADRETTATI;8005476921257;16.53;20.0;0.83;8;204.16;151.0;1.35;52;-91.9034090909091;-38.87073863636363
34592543;2020;5;01100207;01.1.1.4.3.00;PL PL PANE.SARDO SCAT GUTTIAU 01 0250 GR NOBIO PL;AUCHAN;250GR;Specialita Specialita Regionali;SPECIALITA SOSTITUTIVI PANE;8005476926795;16.94;19.0;0.89;4;78.44;42.0;1.87;20;-78.40387557368689;-52.26119863657103
36489607;2020;5;01010503;01.1.1.4.2.00;DAL COLLE NOBIO DAL COLLE MINI RAMETTO FARC AST CREMA CIOCCOLATO 1 0300 GR TORTERICORRENZA FACE17;DAL COLLE;300GR;Torte Pronte Altre;TORTE PRONTE;8004970140942;536.18;442.0;1.21;25;2803.06;1586.0;1.77;81;-80.8716188736595;-31.36286772313115
36589282;2020;5;01020802;01.1.8.3.0.00;VENEZIA DOLCERIE VENEZIANE NOBIO PRAL UNI STD NOCCIOLE CEREALI SAC 1 00100.0 GR +MINICAR PORTAMATITE;DOLCERIE VENEZIANE;100GR;Praline - Cioccolatini Sacchetto;PRALINE e CIOCCOLATINI;8002749700212;46.75;25.0;1.87;5;297.49;100.0;2.97;12;-84.28518605667418;-37.1407442266967
36610840;2020;5;01010503;01.1.1.4.2.00;CORSINI BISC NOBIO CORSINI BISC SCHIACCIATA CELL CLASSICO 1 0450 GR TORTERICORRENZA FACE17;CORSINI BISC;450GR;Torte Pronte Altre;TORTE PRONTE;8001667001647;42.27;12.0;3.52;3;533.21;93.0;5.73;8;-92.07254177528553;-38.56219875846289
36655282;2020;5;01010102;01.1.1.4.2.00;SWEET BAKERY INTER. SWEET BAKERY INTER. RICOPERTI SWEET BAKERY INTER. UNITIPO PASTIC FROLLE PASQUALI 01 CIOCCOLATO PANNA VASCHETTA 01 PASTIC 00150.00 GR NOBIO NON PORZ.;SWEET BAKERY INTER.;150GR;Pasticceria Ric./Gocce Ciocc/Glassa;PASTICCERIA;8049033615357;123.05;231.0;0.53;47;455.33;257.0;1.77;65;-72.97564403838975;-69.93394163578425
36669724;2020;5;03091301;01.1.9.4.0.00;SUSHI AWAY SUSHI AWAY SUSHI SPECIAL BOX SUSHI DELUXE 1 INSALATE 00290 GR NOBIO;SUSHI AWAY;290GR;Secondi Piatti Base Pesce - Sushi;SECONDI PIATTI BASE PESCE;8033726441798;120.53;20.0;6.03;13;4346.12;487.0;8.92;86;-97.22672176562082;-32.4706749928672
36678769;2020;5;01020803;01.1.8.3.0.00;HAMLET HAMLET NOBIO ASS ASS STD NOCCIOLE SCAT 1 00250.0 GR FACE19;HAMLET;250GR;Praline - Cioccolatini Scatole Classiche;PRALINE e CIOCCOLATINI;5400265034751;56.03;45.0;1.25;5;239.79;70.0;3.43;10;-76.63372117269277;-63.65245515752209
3715013;2020;5;01010503;01.1.1.4.2.00;INDUSTRIA DOLCIARIA BORSARI NOBIO BORSARI ANATRA ALL'ARANCIA FARC AST ARANCIA 1 0750 GR TORTERICORRENZA FACE03;BORSARI;750GR;Torte Pronte Altre;TORTE PRONTE;8003781375093;115.39;43.0;2.68;15;913.84;154.0;5.93;87;-87.37306311827015;-54.77794698171172
37504357;2020;5;01020802;01.1.8.3.0.00;LAICA LAICA NOBIO ASS ASS GRAN FESTIVAL MISTO BUS 1 00275.0 GR;LAICA;275GR;Praline - Cioccolatini Sacchetto;PRALINE e CIOCCOLATINI;8008743045960;254.78;252.0;1.01;44;1013.07;649.0;1.56;82;-74.85070133357024;-35.230576053520174
37890229;2020;5;04020201;01.1.9.4.0.00;CAMEO RISTORANTE STD 01 PIZZA 4 FORMAGGI NOBIO 1 0340 SURGELATI ALTERN. GR FACE17;RISTORANTE;340GR;Surg Pizzeria - Pizza Classica;SURG PIZZERIA;8003000562631;22.62;11.0;2.06;1;466.69;157.0;2.97;17;-95.15309948788276;-30.821510872508323
38466012;2020;5;03060104;01.1.2.7.2.00;SAN VINCENZO SAN VINCENZO NOBIO LUCANA BIANCA SOPPRESSATA FAMIGLIA SALAME FETTE 1 080 GR A.M.;SAN VINCENZO;80GR;Affettati Salame;AFFETTATI;8020263007341;46.05;41.0;1.12;3;164.08;87.0;1.89;9;-71.93442223305705;-40.44621303112105
3933551;2020;5;01020501;01.1.8.3.0.00;WITOR'S WITOR'S NOBIO OVE UNI MAXI OVETTI CREMA NOCCIOLA CEREALI CROCCANTI LATTE RIPIENI SAC 1 01000.0 GR;WITOR'S;1000GR;Ovetti Pieni o Ripieni Latte (Ciocc. al);OVETTI PIENI O RIPIENI;8003535004903;5687.78;2030.0;2.8;215;32169.61;7597.0;4.23;602;-82.31940020410568;-33.83275041901026
41313386;2020;5;03100203;01.1.1.6.1.02;CASA BURATTI CASA BURATTI UOVO TAGLIATELLE LUNGA STD NOBIO 1 0400 GR SAC;CASA BURATTI;400GR;Pasta Fresca non Ripiena Pasta all Uovo;PASTA FRESCA NON RIPIENA;8034115178073;34.98;31.0;1.13;8;189.33;96.0;1.97;34;-81.52432261131358;-42.78499905439044
41993747;2020;5;03020802;01.1.4.4.0.00;LACTALIS LINDAHLS KVARG GUSTO SUCCO LAMPONE MAGRO 01 00150.0 GR PLAS NOBIO YOFRE;LINDAHLS;150GR;Yogurt Magro - Frutta;YOGURT MAGRO;3023290018354;38.32;52.0;0.74;16;340.26;292.0;1.17;73;-88.73802386410392;-36.75967246766048
42190742;2020;5;01020501;01.1.8.3.0.00;PERUGINA GRIFO NOBIO OVE UNI STD LATTE LATTE NON RIPIENI SAC 1 00500.0 GR;GRIFO;500GR;Ovetti Pieni o Ripieni Latte (Ciocc. al);OVETTI PIENI O RIPIENI;8000300365177;197.18;32.0;6.16;11;948.4;99.0;9.58;14;-79.20919443272881;-35.67844527625474
42244598;2020;5;01010503;01.1.1.4.2.00;MASONI NOBIO MASONI ANTICA SIENA ALTRE FORME SEMPLICE PANE SANTO CLASS 1 00250 GR TORTE.PRONTE;MASONI;250GR;Torte Pronte Altre;TORTE PRONTE;8010826005860;744.78;749.0;0.99;28;4917.51;2591.0;1.9;45;-84.85453003654288;-47.60759322387532
42291149;2020;5;01170402;01.1.9.9.0.00;LO CONTE DECORI' MULTIUSO ARTIF I LIEVITI 01 1 LIEBUS BIO 018.0 GR;DECORI';18GR;Ingr. per Pasticceria Lieviti/Ammoniaca;INGREDIENTI PER PASTICCERIA;8009355009272;8.33;28.0;0.3;2;136.79;249.0;0.55;25;-93.9103735653191;-45.8458220630163
42509369;2020;5;01020501;01.1.8.3.0.00;WITOR'S WITOR'S NOBIO OVE UNI LOVE SPRING CREMA LATTE LATTE RIPIENI UOVO 1 00100.0 GR;WITOR'S;100GR;Ovetti Pieni o Ripieni Latte (Ciocc. al);OVETTI PIENI O RIPIENI;8003535057374;490.9;421.0;1.17;42;2405.57;737.0;3.26;117;-79.59319412862648;-64.27597166935324
42524579;2020;5;01010503;01.1.1.4.2.00;PL NOBIO PL PL DOLCE DI PASQUA FARC AST PEPITE CIOCCOLATO FONDENTE 1 0750 GR TORTERICORRENZA PL;UNES;750GR;Torte Pronte Altre;TORTE PRONTE;8000633043087;295.47;127.0;2.33;15;2255.22;387.0;5.83;48;-86.89839572192513;-60.07621373531517
42551381;2020;5;01010503;01.1.1.4.2.00;MASONI NOBIO MASONI ANTICA SIENA ALTRE FORME SEMPLICE PANDESANTI CLASS 1 00500 GR TORTE.PRONTE;MASONI;500GR;Torte Pronte Altre;TORTE PRONTE;8010826005853;312.05;157.0;1.99;15;3436.5;1156.0;2.97;25;-90.91954022988506;-33.14005417673329
42592358;2020;5;01020501;01.1.8.3.0.00;VENEZIA DOLCERIE VENEZIANE NOBIO OVE UNI BOUQUET PASQUALE LATTE LATTE NON RIPIENI BOUQUET 1 00120.0 GR;DOLCERIE VENEZIANE;120GR;Ovetti Pieni o Ripieni Latte (Ciocc. al);OVETTI PIENI O RIPIENI;8002749700755;20.65;11.0;1.88;3;1685.63;480.0;3.51;61;-98.77493874693735;-46.542781684538774
42592496;2020;5;01020501;01.1.8.3.0.00;ZAINI ZAINI NOBIO OVE UNI STD CREMA GIANDUIA LATTE RIPIENI SAC 1 00500.0 GR S/OLIO DI PALMA;ZAINI;500GR;Ovetti Pieni o Ripieni Latte (Ciocc. al);OVETTI PIENI O RIPIENI;8004735098600;740.09;528.0;1.4;59;3571.79;1286.0;2.78;116;-79.27957690681703;-49.533211935921784
42620399;2020;5;01020501;01.1.8.3.0.00;VENEZIA DOLCERIE VENEZIANE NOBIO OVE UNI SWEET APPLE CREMA NOCCIOLA CEREALI LATTE RIPIENI OGGETTO 1 00150.0 GR +OGGETTO CERAMICA;DOLCERIE VENEZIANE;150GR;Ovetti Pieni o Ripieni Latte (Ciocc. al);OVETTI PIENI O RIPIENI;8002749700601;64.9;13.0;4.99;7;9986.1;1220.0;8.19;271;-99.3500966343217;-39.00906875942175
42621266;2020;5;01020802;01.1.8.3.0.00;COLUSSI LA SUISSA NOBIO CAMP UNI CAMPANELLE CREMA LATTE SAC 1 00400.0 GR;LA SUISSA;400GR;Praline - Cioccolatini Sacchetto;PRALINE e CIOCCOLATINI;8008429225303;782.64;426.0;1.84;53;2657.18;792.0;3.36;84;-70.54621817114385;-45.24085631818292
42622211;2020;5;03091103;01.1.9.1.0.00;PERLA RAPALLO STD STD GENOVESE FRESCO VASC CON AGLIO 1 00100 GR NOBIO;RAPALLO;100GR;Sughi Pronti Freschi Pesto;SUGHI PRONTI FRESCHI;8000538000369;50.93;53.0;0.96;5;276.0;177.0;1.56;19;-81.54710144927536;-38.37428219852338
42640727;2020;5;01020501;01.1.8.3.0.00;FERRERO NOGGY NOBIO OVE UNI STD NOCCIOLA LATTE RIPIENI SAC 1 00150.0 GR FACE18;NOGGY;150GR;Ovetti Pieni o Ripieni Latte (Ciocc. al);OVETTI PIENI O RIPIENI;8000500180464;1582.54;1594.0;0.99;11;13513.35;6722.0;2.01;19;-88.2890622976538;-50.61422632674332
42849212;2020;5;05050102;05.6.1.2.0.00;BERICA HYGIENE SMILEX FLEXI GRAN VINIL SCAT 1 100 GUA SENZA POLVERE;SMILEX;100UNI;Guanti Usa e Getta;GUANTI;8024151807679;80.69;15.0;5.38;1;3265.52;421.0;7.76;28;-97.5290305984958;-30.648125464448746
4435381;2020;5;03010101;01.1.4.5.2.00;LA BARONIA LA BARONIA NOBIO BUF DOP 1 00250 GR TRADIZ TAVOLA 001 MOZZAR PALLA BUSTA;LA BARONIA;250GR;Mozzarelle Bufala;MOZZARELLE;8030514000014;66.74;43.0;1.55;1;349.86;90.0;3.89;7;-80.92379809066483;-60.07306577115896
44858515;2020;5;03060102;01.1.2.7.2.00;ROVAGNATI ROVAGNATI NOBIO FAMIGLIA SNELLO GUSTO&BENESS. COTTO FETTE NORM 1 110 GR A.M.;ROVAGNATI;110GR;Affettati Prosc. Cotto;AFFETTATI;8007141509739;11712.01;6797.0;1.72;143;50996.77;18713.0;2.73;2077;-77.03381998506964;-36.77120396948775
47978166;2020;5;03091003;01.1.9.4.0.00;NUOVAJOLLI NUOVAJOLLI INS.RUSSA C/TONNO INSALATE STD 1 01000 VERD.TONNO GR NOBIO;NUOVAJOLLI;1000GR;Fresco Altri Piatti Pronti - Insalate;FRESCO ALTRI PIATTI PRONTI;8005701010169;296.7;172.0;1.73;48;3712.28;1393.0;2.66;127;-92.00760718480286;-35.270911676920925
47986338;2020;5;04020602;01.1.3.4.0.00;SOTTOZERO SOTTOZERO AMERICANO ASTICE INT NOBIO MOLLAME 0325 GR;SOTTOZERO;325GR;Surg Pesce Naturale - Crostacei;SURG PESCE NATURALE;8027613000731;85.5;19.0;4.5;4;287.52;40.0;7.19;59;-70.26293823038397;-37.39565943238731
49675190;2020;5;01020501;01.1.8.3.0.00;LINDT LINDOR NOBIO OVE UNI STD LATTE LATTE RIPIENI SAC 1 00445.0 GR;LINDOR;445GR;Ovetti Pieni o Ripieni Latte (Ciocc. al);OVETTI PIENI O RIPIENI;8003340005782;2518.69;913.0;2.76;39;34793.99;6582.0;5.29;149;-92.76113489714747;-47.813570529052164
49733975;2020;5;01010503;01.1.1.4.2.00;BALOCCO NOBIO BALOCCO I LOVE "CIOCCOLATO" FARC/RICOP AST CR.CIOCC.LATTE.CIOCC.FOND.LATTE.GR.CIOCC.LATTE 1 0750 GR TORTERICORRENZA;BALOCCO;750GR;Torte Pronte Altre;TORTE PRONTE;8001100069517;266.39;111.0;2.4;21;5505.76;1524.0;3.61;119;-95.16161256574932;-33.57024820001775
49733984;2020;5;01010503;01.1.1.4.2.00;BALOCCO NOBIO BALOCCO I LOVE "NOCCIOLA" FARC/RICOP AST CR.NOCC.CIOCC.LATTE.FOND.GR.NOCC.CARAM. 1 0750 GR TORTERICORRENZA;BALOCCO;750GR;Torte Pronte Altre;TORTE PRONTE;8001100069500;42.13;29.0;1.45;7;6042.88;2052.0;2.94;124;-99.30281587587376;-50.6682130101016
50046536;2020;5;01010503;01.1.1.4.2.00;PL NOBIO PL PL MINI RAMETTO FARC AST CREMA LIMONE 1 0300 GR TORTERICORRENZA PL;MD;300GR;Torte Pronte Altre;TORTE PRONTE;8019730079509;202.81;205.0;0.99;32;7200.64;3623.0;1.99;175;-97.18344480490623;-50.2225391618306
50575790;2020;5;01010503;01.1.1.4.2.00;PL NOBIO PL PL CUOR DI CIOCCOLATO FARC AST CREMA CIOCCOLATO 1 0750 GR TORTERICORRENZA PL;MD;750GR;Torte Pronte Altre;TORTE PRONTE;8019730079493;407.3;412.0;0.99;26;18600.04;6421.0;2.9;174;-97.81021976296825;-65.87238130587171
51909961;2020;5;01020501;01.1.8.3.0.00;CONFETTI CRISPO CRISPO NOBIO OVE UNI STD CREMA NOC LATTE RIPIENI SAC 1 01000.0 GR FACE19;CRISPO;1000GR;Ovetti Pieni o Ripieni Latte (Ciocc. al);OVETTI PIENI O RIPIENI;8005085720210;1515.67;721.0;2.1;51;9104.11;2638.0;3.45;154;-83.35180484418576;-39.087463493706004
53103529;2020;5;01020304;01.1.8.3.0.00;CONFETTI CRISPO CRISPO NOBIO OVETTI CONFETTATI PRIMAVERA MIX OVETTI.CR.NOCC.CER.CR.NOCCIOLA SCAT 01 0350.0 GR;CRISPO;350GR;Altri Fuori Pasto Dolci Bocconcini Conf;ALTRI FUORI PASTO DOLCI;8005085720166;61.93;22.0;2.82;8;736.2;174.0;4.23;52;-91.58788372724803;-33.4678076609617
53339395;2020;5;01020401;01.1.8.3.0.00;LINDT LINDT GOLD BUNNY LATTE SORPR 1 01 UOVA CIOCC.INF50 GR 025 GR NOBIO;LINDT;25GR;Uova/Sfere di Cioccolato inf 31 gr Singolo;UOVA o SFERE CAVE di CIOCCOLATO < 31 GR;8003340034973;69.55;41.0;1.7;9;687.88;201.0;3.42;22;-89.889224864802;-50.43254141037078
53531620;2020;5;01020304;01.1.8.3.0.00;ERNESTO BRUSA ERNESTO BRUSA NOBIO OVETTI CONFETTATI CIOCCOLATO LATTE.CREMA NOCCIOLA BUS 01 0155.0 GR;ERNESTO BRUSA;155GR;Altri Fuori Pasto Dolci Bocconcini Conf;ALTRI FUORI PASTO DOLCI;8018059001628;70.0;37.0;1.89;5;498.54;175.0;2.85;14;-85.95900028081999;-33.58986619306754
53656132;2020;5;01010503;01.1.1.4.2.00;CIANCIULLO NOBIO CIANCIULLO DELIZIA DEGLI ANGELI FARC AST CIOCC.MANDORLA 1 0600 GR TORTERICORRENZA;CIANCIULLO;600GR;Torte Pronte Altre;TORTE PRONTE;8017377004816;71.98;11.0;6.54;6;367.5;35.0;10.5;13;-80.41360544217687;-37.67965367965368
55539657;2020;5;03060106;01.1.2.7.2.00;DEL ZOPPO DEL ZOPPO NOBIO FAMIGLIA WAGYU BRESAOLA FETTE PUNTA D'ANCA 1 080 GR A.M.;DEL ZOPPO;80GR;Affettati Bresaola;AFFETTATI;8010995001397;84.67;25.0;3.39;6;385.91;79.0;4.88;25;-78.05965121401363;-30.66849783628307
5690269;2020;5;01020304;01.1.8.3.0.00;BURATTI PRESTIGE NOBIO OVETTI CONFETTATI STD PLAS 01 0210.0 GR;PRESTIGE;210GR;Altri Fuori Pasto Dolci Bocconcini Conf;ALTRI FUORI PASTO DOLCI;8013936000657;102.56;52.0;1.97;13;798.79;186.0;4.29;48;-87.16058037782146;-54.07438365913059
5796121;2020;5;03010102;01.1.4.5.2.00;PALAZZO MURGELLA NOBIO STD TRADIZ VACC TAVOLA 1 00250 GR 002 MOZZAR PALLA VASCHETTA;MURGELLA;250GR;Mozzarelle Latte Vaccino;MOZZARELLE;8014745014057;300.11;173.0;1.73;31;9716.02;2841.0;3.42;77;-96.91118379748086;-49.2755674488042
59070070;2020;5;01020501;01.1.8.3.0.00;LINDT LINDOR NOBIO OVE UNI FIORDILATTE LATTE LATTE RIPIENI SAC 1 00180.0 GR;LINDOR;180GR;Ovetti Pieni o Ripieni Latte (Ciocc. al);OVETTI PIENI O RIPIENI;8003340008431;4200.86;2331.0;1.8;222;22614.27;7176.0;3.15;420;-81.42385316881774;-42.81320048881858
59536837;2020;5;01020501;01.1.8.3.0.00;ZAINI ZAINI NOBIO OVE UNI OVETTI RUBY CREMA LATTE LATTE RIPIENI SAC 1 00128.0 GR;ZAINI;128GR;Ovetti Pieni o Ripieni Latte (Ciocc. al);OVETTI PIENI O RIPIENI;8004735100969;615.74;541.0;1.14;94;2594.65;1539.0;1.69;162;-76.26886092536566;-32.491269804321156
7853601;2020;5;01220404;01.1.6.3.0.00;STELLA SUD STELLA SUD NOBIO AMARENE STD SCAT 1 0180 GR;STELLA SUD;180GR;Frutta Ricoperta e Pralinata;FRUTTA ESSICATA DISIDRATATA E RICOPERTA;8000352001016;105.06;108.0;0.97;15;824.04;387.0;2.13;39;-87.25061890199505;-54.31471773214893
8174586;2020;5;02010406;01.2.2.1.0.00;PL PL STD TAVOLA MINERALE NO GAS PLAS 01 150.0 CL NOBIO PL;SIMPLY MARKET;1500ML;Acqua Non Gassata 101-150 CL;ACQUA NON GASSATA;8033209004489;3.98;18.0;0.22;2;16.34;48.0;0.34;6;-75.64259485924113;-35.046919624643
849206;2020;5;01010503;01.1.1.4.2.00;LOISON LOISON NOBIO TONDA SEMPLICE MANDORLATA MANDORLA FOCACCIA 1 00750 TORTE.PRONTE GR;LOISON;750GR;Torte Pronte Altre;TORTE PRONTE;8003475002908;171.18;67.0;2.55;7;3066.55;490.0;6.26;25;-94.41783111314017;-59.17518276774157
9114713;2020;5;01010503;01.1.1.4.2.00;S.ANGELO S.ANGELO NOBIO TONDA SEMPLICE PIZZA DOLCE CLASS TORTA 1 00300 TORTE.PRONTE GR;S.ANGELO;300GR;Torte Pronte Altre;TORTE PRONTE;8003896000712;293.64;343.0;0.86;11;3418.59;1975.0;1.73;50;-91.41049380007547;-50.54147304708179
9180524;2020;5;01020501;01.1.8.3.0.00;CONFETTI CRISPO CRISPO NOBIO OVE UNI FARAONA CREMA NOC LATTE RIPIENI BUS 1 00500.0 GR;CRISPO;500GR;Ovetti Pieni o Ripieni Latte (Ciocc. al);OVETTI PIENI O RIPIENI;8005085704562;353.57;235.0;1.5;33;3282.88;1489.0;2.2;100;-89.22988351691198;-31.758708751838032
10860837;2020;5;01010503;01.1.1.4.2.00;DAL COLLE NOBIO DAL COLLE RAMO DI PRIMAVERA FARC AST CACAO CR.CACAO 1 0750 GR TORTERICORRENZA;DAL COLLE;750GR;Torte Pronte Altre;TORTE PRONTE;8004970122306;1594.05;911.0;1.75;67;11073.45;3421.0;3.24;227;-85.60475732495293;-45.94278244639294
1096291;2020;5;01020501;01.1.8.3.0.00;SORINI SORINI NOBIO OVE UNI STD CREMA NOC LATTE RIPIENI SAC 1 01000.0 GR;SORINI;1000GR;Ovetti Pieni o Ripieni Latte (Ciocc. al);OVETTI PIENI O RIPIENI;8006423241060;83.44;41.0;2.04;6;374.02;82.0;4.56;14;-77.69103256510347;-55.38206513020694
1096480;2020;5;01020501;01.1.8.3.0.00;VENEZIA DOLCERIE VENEZIANE NOBIO OVE UNI STD LATTE.CEREALI LATTE RIPIENI CEST 1 00150.0 GR;DOLCERIE VENEZIANE;150GR;Ovetti Pieni o Ripieni Latte (Ciocc. al);OVETTI PIENI O RIPIENI;8002749560359;267.73;90.0;2.97;23;15330.51;2414.0;6.35;485;-98.25361321965153;-53.158025691542186
1096723;2020;5;01020501;01.1.8.3.0.00;FERRERO NOGGY NOBIO OVE UNI STD NOCCIOLA LATTE RIPIENI SAC 1 00150.0 GR;NOGGY;150GR;Ovetti Pieni o Ripieni Latte (Ciocc. al);OVETTI PIENI O RIPIENI;0000080052401;1045.47;574.0;1.82;4;6195.54;2044.0;3.03;17;-83.12544185010508;-39.9101100028132
11750490;2020;5;01020205;01.1.8.4.0.00;HARIBO HARIBO BAISER EIER NORM SAC GEL SCART FRUTTA 00175.0 1 GR NOBIO FACE18;HARIBO;175GR;Caramelle Gelee;CARAMELLE;4001686826225;54.03;97.0;0.56;12;338.89;376.0;0.9;22;-84.0567735843489;-38.19945224448647
12722246;2020;5;03080203;01.1.1.8.0.00;BUITONI BUITONI NOBIO 01 ROTOLO 01 PASTA SFOGLIA GRAN SPESSORE 00280.0 STD GR;BUITONI;280GR;Basi Pasta Sfoglia;BASI;7613033263217;82.48;62.0;1.33;2;11453.08;5122.0;2.24;474;-99.27984437374052;-40.505852940305
12927608;2020;5;02080106;01.2.2.3.0.00;PL PL NOBIO NETT MIX NETT NO MIX GIALLO PLAS 01 1000 ML PL;BENNET;1000ML;Nettari Pet >20 CL;NETTARI E SIMILI;8019514035240;69.42;138.0;0.5;11;526.56;646.0;0.82;38;-86.81631722880583;-38.285079201511365
12928805;2020;5;02080106;01.2.2.3.0.00;PL PL NOBIO NETT MIX NETT NO MIX BIANCO PLAS 01 1000 ML PL;BENNET;1000ML;Nettari Pet >20 CL;NETTARI E SIMILI;8019514035257;65.13;132.0;0.49;9;350.3;429.0;0.82;38;-81.40736511561519;-39.573936625749354
13562492;2020;5;03030302;01.1.4.6.0.00;PL PL STD CREMA+PANNA LATTE CACAO PANNA MONTATA FRESCO 04 0100.0 GR PLAS NOBIO DESSERT PL;COOP;100GR;Dessert Freschi Coppa con Panna Mono;DESSERT FRESCHI;8001120789792;32.64;30.0;1.09;17;7889.2;5072.0;1.56;321;-99.58626983724585;-30.052020483699234
14052266;2020;5;01020401;01.1.8.3.0.00;MONSIEUR LE CHOCOLATIER MONSIEUR LE CHOCOLATIER STD FONDENTE S/SORPR 1 01 UOVA CIOCC.INF50 GR 022 GR NOBIO;MONSIEUR LE CHOCOLATIER;22GR;Uova/Sfere di Cioccolato inf 31 gr Singolo;UOVA o SFERE CAVE di CIOCCOLATO < 31 GR;8021436510798;48.97;161.0;0.3;28;502.92;325.0;1.55;45;-90.26286486916408;-80.34429243775358
20795327;2020;5;01020501;01.1.8.3.0.00;VERGANI CHACAO NOBIO OVE UNI STD CREMA LATTE LATTE RIPIENI BUS 1 01000.0 GR;CHACAO;1000GR;Ovetti Pieni o Ripieni Latte (Ciocc. al);OVETTI PIENI O RIPIENI;8002325446305;422.97;465.0;0.91;39;2025.84;687.0;2.95;65;-79.12125340599455;-69.15333567724356
20795336;2020;5;01020501;01.1.8.3.0.00;VERGANI CHACAO NOBIO OVE UNI STD CREMA NOC LATTE RIPIENI BUS 1 01000.0 GR;CHACAO;1000GR;Ovetti Pieni o Ripieni Latte (Ciocc. al);OVETTI PIENI O RIPIENI;8002325446404;426.54;417.0;1.02;35;2120.19;709.0;2.99;68;-79.8819917082903;-65.79456144167342
21936473;2020;5;01020501;01.1.8.3.0.00;PERUGINA BACI NOBIO OVE UNI STD NOCCIOLE LATTE RIPIENI SAC 1 00150.0 GR;BACI;150GR;Ovetti Pieni o Ripieni Latte (Ciocc. al);OVETTI PIENI O RIPIENI;8000300328431;2848.34;1958.0;1.45;201;16389.2;6395.0;2.56;525;-82.62062821858297;-43.23744507550464
22200791;2020;5;01020401;01.1.8.3.0.00;MONSIEUR LE CHOCOLATIER MONSIEUR LE CHOCOLATIER STD FONDENTE S/SORPR 1 01 UOVA CIOCC.INF50 GR 022 GR NOBIO AB.PORTAUOVO;MONSIEUR LE CHOCOLATIER;22GR;Uova/Sfere di Cioccolato inf 31 gr Singolo;UOVA o SFERE CAVE di CIOCCOLATO < 31 GR;8021436510828;13.75;25.0;0.55;8;145.18;49.0;2.96;12;-90.52899848463976;-81.43683702989392
22204976;2020;5;01020802;01.1.8.3.0.00;RUBEZAHL FRIEDEL NOBIO PRAL UNI BLATTERKROKANT CIOCC.LATTE CROCCANTE NOCCIOLE BUS 1 00100.0 GR;FRIEDEL;100GR;Praline - Cioccolatini Sacchetto;PRALINE e CIOCCOLATINI;4008601252541;46.84;94.0;0.5;10;170.29;235.0;0.72;16;-72.49398085618651;-31.234952140466262
23823853;2020;5;01020501;01.1.8.3.0.00;CONFETTI CRISPO CRISPO NOBIO OVE UNI FARAONA CREMA NOCCIOLA E CEREALI LATTE RIPIENI SAC 1 01000.0 GR;CRISPO;1000GR;Ovetti Pieni o Ripieni Latte (Ciocc. al);OVETTI PIENI O RIPIENI;8005085704555;75.74;31.0;2.44;9;906.23;242.0;3.74;23;-91.64229831279034;-34.75600618371823
23865322;2020;5;01020501;01.1.8.3.0.00;CARAMELLAMANIA CARAMELLAMANIA NOBIO OVE UNI DOLCEARTE CREMA NOCC LATTE RIPIENI SAC 1 00100.0 GR AB.LANTERNE PASQUALI;CARAMELLAMANIA;100GR;Ovetti Pieni o Ripieni Latte (Ciocc. al);OVETTI PIENI O RIPIENI;8016531155777;69.09;22.0;3.14;11;10341.09;1820.0;5.68;318;-99.33188861135528;-44.72896693939157
23884558;2020;5;01020304;01.1.8.3.0.00;CIDNEO CIDNEO NOBIO OVETTI CONFETTATI CREMA NOCCIOLA SACCHETTO 01 0200.0 GR;CIDNEO;200GR;Altri Fuori Pasto Dolci Bocconcini Conf;ALTRI FUORI PASTO DOLCI;8000038123148;217.11;200.0;1.09;55;1386.15;874.0;1.59;128;-84.33719294448653;-31.553533167406126
24814633;2020;5;01010301;01.1.1.4.2.00;PASTIC.POZZO PASTIC.POZZO SFOGLIA CROISSANT 005 BRIOCHE ALBICOCCA FARC BRIOCHE 1 00350.00 GR NOBIO;PASTIC.POZZO;350GR;Merendine Croissant;MERENDINE;8031956003786;46.28;32.0;1.45;9;626.19;227.0;2.76;46;-92.6092719462144;-47.572022868458454
24814639;2020;5;01010301;01.1.1.4.2.00;PASTIC.POZZO PASTIC.POZZO SFOGLIA CROISSANT 005 BRIOCHE CIOCCOLATO FARC BRIOCHE 1 00350.00 GR NOBIO;PASTIC.POZZO;350GR;Merendine Croissant;MERENDINE;8031956003793;80.86;56.0;1.44;14;730.24;266.0;2.75;46;-88.92692813321648;-47.402908632778264
25018050;2020;5;01020501;01.1.8.3.0.00;RIEGELEIN RIEGELEIN NOBIO OVE UNI STD LATTE LATTE NON RIPIENI SAC 1 00300.0 GR;RIEGELEIN;300GR;Ovetti Pieni o Ripieni Latte (Ciocc. al);OVETTI PIENI O RIPIENI;4013900976692;198.58;109.0;1.82;25;1150.53;366.0;3.14;51;-82.74012846253466;-42.04483502098793
25234494;2020;5;01010503;01.1.1.4.2.00;MAINA NOBIO MAINA ARIA DI PRIM. TORTA CIOCC. FARC AST CIOCCOLATO 1 0400 GR TORTERICORRENZA;MAINA;400GR;Torte Pronte Altre;TORTE PRONTE;8005190405095;557.68;469.0;1.19;35;4330.38;2531.0;1.71;180;-87.12168447110876;-30.501030695898294
25530651;2020;5;01020501;01.1.8.3.0.00;WITOR'S WITOR'S NOBIO OVE UNI MAXI OVETTI CREMA LATTE.CEREALI LATTE RIPIENI BUS 1 00250.0 GR;WITOR'S;250GR;Ovetti Pieni o Ripieni Latte (Ciocc. al);OVETTI PIENI O RIPIENI;8003535052294;2098.75;1693.0;1.24;226;15095.05;8250.0;1.83;577;-86.0964355865002;-32.24784027680256
26393796;2020;5;01020501;01.1.8.3.0.00;CONFETTI CRISPO CRISPO NOBIO OVE UNI SSC NAPOLI CREMA LATTE LATTE RIPIENI BUS 1 00150.0 GR;CRISPO;150GR;Ovetti Pieni o Ripieni Latte (Ciocc. al);OVETTI PIENI O RIPIENI;8005085714899;75.54;101.0;0.75;15;285.93;256.0;1.12;37;-73.58094638547897;-33.036854204778365
26591397;2020;5;06030301;12.1.3.2.1.02;BDF NIVEA BABY PURE & SENSITIVE PROF BAGNO DELIC LIQ PELLE SEC/SENS BAGNODOCCIA BABY 01 0500 ML BAGNO;NIVEA;500ML;Igiene Cura Prima Inf. Det. Liq./Solidi;IGIENE CURA PRIMA INFANZIA;4005900281951;249.05;107.0;2.33;25;1120.89;314.0;3.57;108;-77.78104898785786;-34.79672319801279
26706354;2020;5;05040402;05.6.1.2.0.00;GUARDINI GUARDINI EASY BAKE CONT.ALLUM S/COP CARTA FORNO 1 002 PZ;GUARDINI;2UNI;Sacc/Vasc per Alimenti Vaschette;SACCHETTI e VASCHETTE PER ALIMENTI;8006043010206;256.88;145.0;1.77;19;5630.57;1950.0;2.89;109;-95.43776207382201;-38.64576582036497
33134052;2020;5;01010503;01.1.1.4.2.00;MELEGATTI NOBIO MELEGATTI LA CHOCOLAT FARC AST CIOCCOLATO 1 0400 GR TORTERICORRENZA FACE16;MELEGATTI;400GR;Torte Pronte Altre;TORTE PRONTE;8002630010598;238.48;270.0;0.88;20;5021.28;3488.0;1.44;276;-95.25061338941465;-38.64496111954927
33321747;2020;5;01010503;01.1.1.4.2.00;C.E.A.N. NOBIO SZ GUSTO RICCO FARC AST CIOC.MIRT.UVET. 1 0600 GR TORTERICORRENZA;SZ;600GR;Torte Pronte Altre;TORTE PRONTE;8011176020343;366.64;149.0;2.46;36;1552.58;312.0;4.98;123;-76.38511381056048;-50.551379254328
33419442;2020;5;01010103;01.1.1.4.2.00;COSTA GIUSEPPE COSTA GIUSEPPE RIPIENI COSTA GIUSEPPE UNITIPO PASTIC LA PASTICCERIA DAL CUORE 01 GOCCE MODICANE CREMA CIOCCOLATO MODICANO SACCHETTO 01 PASTIC 00120.00 GR NOBIO NON PORZ.;COSTA GIUSEPPE;120GR;Pasticceria Ripiena;PASTICCERIA;8031780002344;9.65;15.0;0.64;4;35.66;27.0;1.32;13;-72.93886707795849;-51.28996074032529
35058753;2020;5;01020501;01.1.8.3.0.00;ZAINI ZAINI NOBIO OVE UNI CHOCO PASQUA LATTE LATTE NON RIPIENI SAC 1 00060.0 GR;ZAINI;60GR;Ovetti Pieni o Ripieni Latte (Ciocc. al);OVETTI PIENI O RIPIENI;8004735094220;251.36;362.0;0.69;77;2590.83;2330.0;1.11;310;-90.2980898013378;-37.55400341745045
36517196;2020;5;01010503;01.1.1.4.2.00;S.ANGELO S.ANGELO NOBIO TONDA FARCITA PASQUALINA PIZZA DOLCE CIOCCOLATO TORTA 1 00500 TORTE.PRONTE GR;S.ANGELO;500GR;Torte Pronte Altre;TORTE PRONTE;8003896011084;121.99;91.0;1.34;9;646.28;262.0;2.47;24;-81.12428049761714;-45.65452187226031
36599600;2020;5;01020501;01.1.8.3.0.00;LAICA LAICA NOBIO OVE UNI STD CREMA NOCCIOLA CEREALI LATTE RIPIENI BUS 1 00275.0 GR;LAICA;275GR;Ovetti Pieni o Ripieni Latte (Ciocc. al);OVETTI PIENI O RIPIENI;8008743045953;261.62;348.0;0.75;60;1626.49;1057.0;1.54;112;-83.91505634833291;-51.14429471318359
36653378;2020;5;04020803;01.1.9.4.0.00;GELATI ALOHA GELATI ALOHA COLOMBA DOLCE STD OPERA ITALIANA 1 1200.0 GR NOBIO PASTICC.SURG.;GELATI ALOHA;1200GR;Surg Dolci/Pasticceria - Altri Dolci;SURG DOLCI/PASTICCERIA;8032715991948;248.62;50.0;4.97;15;1416.89;121.0;11.71;50;-82.45311915533316;-57.53654835590625
36681602;2020;5;01170405;01.1.9.9.0.00;EURO COMPANY EURO COMPANY NOBIO MANDORLE MANDORLE AFFETTATE 01 00060.0 GR 001 DECOR;EURO COMPANY;60GR;Ingredienti per Pasticceria Decorazioni;INGREDIENTI PER PASTICCERIA;8009750915635;30.68;40.0;0.77;8;221.44;172.0;1.29;42;-86.14523121387283;-40.42449421965318
40120492;2020;5;01010503;01.1.1.4.2.00;BALOCCO NOBIO BALOCCO DOUBLE CHOCOLATE FARC AST CREMA CIOCC.LATTE&FONDENTE 1 0650 GR TORTERICORRENZA;BALOCCO;650GR;Torte Pronte Altre;TORTE PRONTE;8001100068190;305.42;136.0;2.25;22;4677.3;1379.0;3.39;443;-93.47016441109187;-33.78938766835064
42330648;2020;5;01010503;01.1.1.4.2.00;MAINA NOBIO MAINA DOLCEUOVO AL CIOCCOLATO FARC/RICOP AST CR.CIOCCOLATO.CROCC.GLAS.CIOCC.FONDENTE 1 0600 GR TORTERICORRENZA;MAINA;600GR;Torte Pronte Altre;TORTE PRONTE;8005190409666;81.8;62.0;1.32;2;524.28;200.0;2.62;7;-84.39765011062791;-49.66983906654164
42343413;2020;5;01020501;01.1.8.3.0.00;LINDT LINDT NOBIO OVE UNI STD NOCCIOLA INTERE.NOCCIOLE LATTE RIPIENI SAC 1 00130.0 GR;LINDT;130GR;Ovetti Pieni o Ripieni Latte (Ciocc. al);OVETTI PIENI O RIPIENI;8003340039459;5728.03;3996.0;1.43;281;30282.59;11802.0;2.57;569;-81.0847420910827;-44.13466620594544
42560022;2020;5;01020501;01.1.8.3.0.00;SORINI SORINI STD OVE 1 CIOCC 00100.0 GR NOBIO +TAZZA;SORINI;100GR;Ovetti Pieni o Ripieni Latte (Ciocc. al);OVETTI PIENI O RIPIENI;8006423131873;744.87;322.0;2.31;45;4588.24;1254.0;3.66;123;-83.76567049674821;-36.77686584758464
42646266;2020;5;03010104;01.1.4.5.2.00;PL PL NOBIO FIORDILATTE TRADIZ VACC TAVOLA 1 00100 GR 001 MOZZAR PALLA BICCHIERE PL;ESSELUNGA;100GR;Mozzarelle Light/Delattosata;MOZZARELLE;8002330003685;151.33;312.0;0.49;41;4225.98;4795.0;0.88;77;-96.41905546169173;-44.96593249619175
42651480;2020;5;01020501;01.1.8.3.0.00;ROVELLI ROVELLI NOBIO OVE UNI UN SACCO BUONO CREMA NOCCIOLA LATTE RIPIENI BUS 1 01000.0 GR;ROVELLI;1000GR;Ovetti Pieni o Ripieni Latte (Ciocc. al);OVETTI PIENI O RIPIENI;8004333012268;133.62;58.0;2.3;11;502.48;129.0;3.9;28;-73.4078968317147;-40.85549467743441
42716073;2020;5;01020501;01.1.8.3.0.00;ROVELLI ROVELLI NOBIO OVE UNI CHOCOFIOCK CREMA NOC LATTE RIPIENI BUS 1 00360.0 GR;ROVELLI;360GR;Ovetti Pieni o Ripieni Latte (Ciocc. al);OVETTI PIENI O RIPIENI;8004333010509;519.86;523.0;0.99;29;1936.39;1030.0;1.88;58;-73.15313547374238;-47.127589938727816
42830355;2020;5;03100203;01.1.1.6.1.02;CASA BURATTI CASA BURATTI UOVO TAGLIOLINI LUNGA STD NOBIO 1 0400 GR SAC;CASA BURATTI;400GR;Pasta Fresca non Ripiena Pasta all Uovo;PASTA FRESCA NON RIPIENA;8034115178110;53.26;47.0;1.13;13;184.3;95.0;1.94;32;-71.10146500271297;-41.58806755867515
44341211;2020;5;03020704;01.1.4.4.0.00;PODDA PODDA STD GUSTO TRAD INTERO VARI MIELE SARDO 01 00125.0 GR STD NOBIO PLAS NON PROB.;PODDA;125GR;Yogurt Intero - Altri Gusti;YOGURT INTERO;8000752801315;4.45;18.0;0.25;4;71.52;193.0;0.37;29;-93.77796420581656;-33.28594954014417
45377141;2020;5;03020804;01.1.4.4.0.00;LACTALIS NESTLE P.F. SVELTESSE BE ACTIVE GUSTO TRAD MAGRO 0% VARI VANIGLIA 01 00150.0 GR STD NOBIO PLAS NON PROB.;SVELTESSE;150GR;Yogurt Magro - Altri Gusti;YOGURT MAGRO;3023290025369;6.48;11.0;0.59;1;121.34;113.0;1.07;108;-94.65963408603923;-45.13987742931207
45463811;2020;5;05060102;05.6.1.1.1.04;PL PL STD NORM CILINDRO 1 004 CANDELE PL;AUCHAN;4UNI;Deo Azione Continua Grandi Ambienti;DEODORANTI AZIONE CONTINUA;3245678377383;3.78;11.0;0.34;2;104.47;90.0;1.16;63;-96.3817363836508;-70.39602495714298
4565075;2020;5;01220305;01.1.6.3.0.00;ALFANO ALFANO NOCI GRENOBLE GUSCIO BUST 1 0500 GR NOBIO;ALFANO;500GR;Frutta Secca con guscio Noci;FRUTTA SECCA CON GUSCIO;8006440012346;80.38;60.0;1.34;4;19451.36;7891.0;2.47;77;-99.58676411315199;-45.65259361470526
4587188;2020;5;01020501;01.1.8.3.0.00;CONFETTI CRISPO CRISPO NOBIO OVE UNI STD CREMA NOC LATTE RIPIENI SAC 1 01000.0 GR;CRISPO;1000GR;Ovetti Pieni o Ripieni Latte (Ciocc. al);OVETTI PIENI O RIPIENI;8032154100918;405.77;131.0;3.1;28;4373.45;895.0;4.89;109;-90.72197006939601;-36.611932916865904
4587212;2020;5;01020501;01.1.8.3.0.00;SORINI SORINI NOBIO OVE UNI MULTICOLOR CREMA NOC CER LATTE RIPIENI SAC 1 01000.0 GR;SORINI;1000GR;Ovetti Pieni o Ripieni Latte (Ciocc. al);OVETTI PIENI O RIPIENI;8006423241404;52.95;32.0;1.65;3;444.57;83.0;5.36;12;-88.0896146838518;-69.10743808624063
49733832;2020;5;01010503;01.1.1.4.2.00;BALOCCO NOBIO BALOCCO DOLCE SOGNO FARC/RICOP AST CREMA COCCO.CIOCCOLATO LATTE 1 0650 GR TORTERICORRENZA;BALOCCO;650GR;Torte Pronte Altre;TORTE PRONTE;8001100069531;1609.62;878.0;1.83;78;11286.05;4002.0;2.82;303;-85.73796855409998;-34.992426142947714
49887363;2020;5;01020501;01.1.8.3.0.00;COLUSSI LA SUISSA NOBIO OVE UNI STD CREMA NOCCIOLA LATTE RIPIENI INCAR 1 00350.0 GR FARFALLA;LA SUISSA;350GR;Ovetti Pieni o Ripieni Latte (Ciocc. al);OVETTI PIENI O RIPIENI;8008429239386;13.0;13.0;1.0;1;108.24;47.0;2.3;6;-87.98965262379896;-56.5779748706578
49961247;2020;5;01020801;01.1.8.3.0.00;WAL-COR WAL-COR NOBIO PRAL L.O.L. SURPRISE! FIGURE 2D CREMA LATTE RETE 1 00045.0 GR +GADGET;WAL-COR;45GR;Praline - Cioccolatini Impulso inf 70 gr;PRALINE e CIOCCOLATINI;8001943024223;26.29;25.0;1.05;13;89.76;58.0;1.55;91;-70.71078431372548;-32.049019607843135
50044728;2020;5;01010503;01.1.1.4.2.00;PL NOBIO PL PL MINI RAMETTO FARC AST CREMA PISTACCHIO 1 0300 GR TORTERICORRENZA PL;MD;300GR;Torte Pronte Altre;TORTE PRONTE;8019730079516;92.93;94.0;0.99;18;6344.07;3192.0;1.99;175;-98.53516748711789;-50.25802786042882
50571798;2020;5;01020501;01.1.8.3.0.00;SORINI SORINI NOBIO OVE UNI MAXI OVETTI CREMA NOCCIOLA CEREALI LATTE RIPIENI SAC 1 00250.0 GR;SORINI;250GR;Ovetti Pieni o Ripieni Latte (Ciocc. al);OVETTI PIENI O RIPIENI;8006423249288;292.45;314.0;0.93;51;2781.9;1568.0;1.77;129;-89.4874006973651;-47.50396271805253
51910118;2020;5;01020501;01.1.8.3.0.00;CONFETTI CRISPO CRISPO NOBIO OVE UNI STD CREMA NOC LATTE RIPIENI SAC 1 00500.0 GR FACE19;CRISPO;500GR;Ovetti Pieni o Ripieni Latte (Ciocc. al);OVETTI PIENI O RIPIENI;8005085720227;818.26;601.0;1.36;59;3879.26;1869.0;2.08;138;-78.90680181271686;-34.40401428946391
51910850;2020;5;01020501;01.1.8.3.0.00;VENEZIA DOLCERIE VENEZIANE NOBIO OVE UNI STD CREMA NOC CER LATTE RIPIENI SAC 1 00100.0 GR +GRAZIOSO;DOLCERIE VENEZIANE;100GR;Ovetti Pieni o Ripieni Latte (Ciocc. al);OVETTI PIENI O RIPIENI;8002749075211;89.27;29.0;3.08;11;10795.76;2128.0;5.07;254;-99.1731012916182;-39.322743053914145
52051346;2020;5;01020501;01.1.8.3.0.00;CONFETTI CRISPO CRISPO NOBIO OVE UNI FARAONA CREMA NOCCIOLA E CEREALI LATTE RIPIENI SAC 1 01000.0 GR FACE19;CRISPO;1000GR;Ovetti Pieni o Ripieni Latte (Ciocc. al);OVETTI PIENI O RIPIENI;8005085720234;716.16;368.0;1.95;27;7102.64;2174.0;3.27;96;-89.91698861268486;-40.4335142499372
52293770;2020;5;01020501;01.1.8.3.0.00;PL PL NOBIO OVE UNI STD CREMA NOCCIOLE LATTE RIPIENI SCAT 1 00180.0 GR PL;UNES;180GR;Ovetti Pieni o Ripieni Latte (Ciocc. al);OVETTI PIENI O RIPIENI;8000633048211;145.41;145.0;1.0;25;556.63;245.0;2.27;39;-73.87672241884196;-55.86066891459504
52624229;2020;5;01020501;01.1.8.3.0.00;SORINI SORINI NOBIO OVE UNI STD CREMA NOC LATTE RIPIENI CESTINO FELTRO 1 00100.0 GR;SORINI;100GR;Ovetti Pieni o Ripieni Latte (Ciocc. al);OVETTI PIENI O RIPIENI;8006423132009;73.56;33.0;2.23;11;772.61;209.0;3.7;39;-90.4790256403619;-39.70049572229197
5458706;2020;5;01020304;01.1.8.3.0.00;BURATTI PRESTIGE NOBIO OVETTI CONFETTATI STD SACCHETTO 01 0200.0 GR;PRESTIGE;200GR;Altri Fuori Pasto Dolci Bocconcini Conf;ALTRI FUORI PASTO DOLCI;8013936000190;437.9;368.0;1.19;24;1709.96;836.0;2.05;70;-74.39121382956327;-41.823518373681765
55224049;2020;5;01140110;01.2.1.1.0.00;PL PL GRANCREMA ESPR ELETT ALTRE M. MACIN 01 036 CIALDE SCAT NO ARABICA 0234.000 GR NO FILTRO NONEQUOSOLIDALE NOBIO PL;EUROSPIN;BAD VALUE;Caffe Macinato Capsule A Modo Mio;CAFFE MACINATO;8017596105875;479.07;157.0;3.05;18;2229.57;450.0;4.95;101;-78.51289710571994;-38.41276240492976
5612834;2020;5;01020501;01.1.8.3.0.00;WAL-COR WAL-COR NOBIO OVE UNI STD CREMA NOC LATTE RIPIENI RETE 1 00100.0 GR;WAL-COR;100GR;Ovetti Pieni o Ripieni Latte (Ciocc. al);OVETTI PIENI O RIPIENI;0000080713951;121.21;216.0;0.56;11;463.4;496.0;0.93;31;-73.84333189469142;-39.93653990632843
5624765;2020;5;01010105;01.1.1.4.2.00;PRETI PRETI ALTRE VARIETA' PRETI UNITIPO PASTIC CANESTRELLINI 01 01 PASTIC 00280.00 GR NOBIO NON PORZ.;PRETI;280GR;Pasticceria Altra Unitipo;PASTICCERIA;8001813000340;607.33;296.0;2.05;25;5590.02;899.0;6.22;59;-89.13545926490424;-67.00262797009768
57441915;2020;5;01010503;01.1.1.4.2.00;DAL COLLE NOBIO DAL COLLE OSTRICA LIMONCETTA DI SORRENTO FARC AST CREMA LIMONCELLO 1 0400 GR TORTERICORRENZA;DAL COLLE;400GR;Torte Pronte Altre;TORTE PRONTE;8004970143998;79.22;60.0;1.32;16;774.91;372.0;2.08;120;-89.77687731478494;-36.61663935166664
58119258;2020;5;01010503;01.1.1.4.2.00;GENTILINI NOBIO GENTILINI DELIZIA ROMANA FARC AST GLASS.NOCCIOLE.GRAN.ZUCC.CILIEGIA 1 0900 GR TORTERICORRENZA;GENTILINI;900GR;Torte Pronte Altre;TORTE PRONTE;8007465000059;800.4;380.0;2.11;20;5538.37;685.0;8.09;77;-85.54809447545036;-73.94853872548288
58369191;2020;5;03060102;01.1.2.7.2.00;PL PL NOBIO FAMIGLIA STAGIONATO COTTO FETTE FIOCCO 1 090 GR A.M. PL;PENNY MARKET;90GR;Affettati Prosc. Cotto;AFFETTATI;8024370077945;27.53;17.0;1.62;8;1033.78;381.0;2.71;127;-97.33695757317804;-40.31651972828443
584049;2020;5;01020207;01.1.8.4.0.00;CIDNEO MORBIDOSI OVETTI E GALLINE NORM SAC GOM SCART FRUTTA 00200.0 1 GR NOBIO;MORBIDOSI;200GR;Caramelle Gommose;CARAMELLE;8000038015719;191.18;142.0;1.35;31;1303.85;651.0;2.0;137;-85.33727039153277;-32.77861285132276
59488784;2020;5;01010503;01.1.1.4.2.00;PL NOBIO PL PL STD FARC/RICOP AST CREMA FIOR LATTE.CIOCCOLATO BIANCO 1 0600 GR TORTERICORRENZA PL;EUROSPIN;600GR;Torte Pronte Altre;TORTE PRONTE;8017596113047;267.55;122.0;2.19;17;4206.26;1202.0;3.5;81;-93.63924246242505;-37.33089704782715
595242;2020;5;03010601;01.1.4.5.2.00;LACTALIS INVERNIZZINA NOBIO INVERNIZZINA STD 1 500 GR 01 FORM.MOLLI;INVERNIZZINA;500GR;Crescenza Normale;CRESCENZA;8001590921807;24.88;10.0;2.49;4;1411.44;354.0;3.99;139;-98.23726123675112;-37.59904778098963
59526290;2020;5;01010503;01.1.1.4.2.00;MELEGATTI MELEGATTI NOBIO TONDA SEMPLICE DOLCE CLASS FOCACCIA 1 00600 TORTE.PRONTE GR;MELEGATTI;600GR;Torte Pronte Altre;TORTE PRONTE;8002630100091;93.73;48.0;1.95;9;2454.92;875.0;2.81;24;-96.1819529760644;-30.400184459507166
59661047;2020;5;01020501;01.1.8.3.0.00;VENEZIA DOLCERIE VENEZIANE NOBIO OVE UNI DOLCI MOMENTI GRAN PENSIERO CREMA NOCCIOLA CEREALI LATTE RIPIENI SAC 1 00100.0 GR +TAZZA;DOLCERIE VENEZIANE;100GR;Ovetti Pieni o Ripieni Latte (Ciocc. al);OVETTI PIENI O RIPIENI;8002749701431;290.99;104.0;2.8;38;15274.9;2928.0;5.22;444;-98.0949793452003;-46.36634156486987
647688;2020;5;01020304;01.1.8.3.0.00;CIDNEO CIDNEO NOBIO OVETTI CONFETTATI CREMINO SACCHETTO 01 0250.0 GR;CIDNEO;250GR;Altri Fuori Pasto Dolci Bocconcini Conf;ALTRI FUORI PASTO DOLCI;8000038015702;830.23;402.0;2.07;63;13588.63;4340.0;3.13;347;-93.89025972449025;-34.03912239872563
668637;2020;5;07020101;09.3.4.2.1.00;PL PL NOBIO STD SALMONE PATE' VASC 01 00100 GR PL;AUCHAN;100GR;Nutrizione Gatto Umido;NUTRIZIONE GATTO;8005476018827;3.68;16.0;0.23;1;12.99;37.0;0.35;47;-71.67051578137028;-34.488067744418785
8223067;2020;5;01010503;01.1.1.4.2.00;IL FORNAIO FORNO DEL CASALE NOBIO TONDA SEMPLICE ALLEGRA GRANELLA FOCACCIA 1 00400 TORTE.PRONTE GR;FORNO DEL CASALE;400GR;Torte Pronte Altre;TORTE PRONTE;8015854145014;222.67;110.0;2.02;24;1332.03;433.0;3.08;100;-83.28340953281833;-34.197421161003064
8814973;2020;5;01020501;01.1.8.3.0.00;PL PL NOBIO OVE UNI EDEL NOUGAT CREMA NOCCIOLA LATTE RIPIENI SAC 1 00150.0 GR PL;PENNY MARKET;150GR;Ovetti Pieni o Ripieni Latte (Ciocc. al);OVETTI PIENI O RIPIENI;0000043881932;121.53;188.0;0.65;41;614.02;650.0;0.94;70;-80.20748509820527;-31.568432520390562
