"FILE";"ROW";"PRDKEY";"YEAR";"MONTH";"INDICODECR";"COICOP";"DESCRIZIONE";"MARCA";"FORMATO";"MERCATO";"FAMIGLIA";"EAN";"TURNOVERCURR";"QUANTITYCURR";"PRICECURR";"COUNTPDVCURR";"TURNOVERPREV";"QUANTITYPREV";"PRICEPREV";"COUNTPDVPREV";"VTURNOVER";"VPRICE";"DESC";"DESCRIZIONE1";"UNITA";"QUANTITA";"UNITA.QUANTITA";"fm.d"
"A";"130";"8174586";"2020";"5";"02010406";"01.2.2.1.0.00";"PL PL STD TAVOLA MINERALE NO GAS PLAS 01 150.0 CL NOBIO PL";"SIMPLY MARKET";"1500ML";"Acqua Non Gassata 101-150 CL";"ACQUA NON GASSATA";"8033209004489";"3.98";"18";"0.22";"2";"16.34";"48";"0.34";"6";"-75.6425948592411";"-35.046919624643";"PL PL STD TAVOLA MINERALE NO GAS PLAS 01 150.0 CL NOBIO PL";"PL PL STD TAVOLA MINERALE NO GAS PLAS 01 150.0 CL NOBIO PL";"ML";"1500";"ML|1500";0.988019092182695
"B";"83212";"40135145";"2020";"5";"02010406";"01.2.2.1.0.00";"S.BENEDETTO S.BENEDETTO PURA DI ROCCIA TAVOLA MINERALE NO GAS PLAS 06 125.0 CL NOBIO";"S.BENEDETTO";"1250ML";"Acqua Non Gassata 101-150 CL";"ACQUA NON GASSATA";"8023263000503";"1659.97";"828";"2";"93";"1644.69";"843";"1.95";"128";"0.929050459357083";"2.75747528651935";"  PURA DI ROCCIA TAVOLA MINERALE NO GAS PLAS 06 125.0 CL NOBIO";"S.BENEDETTO S.BENEDETTO PURA DI ROCCIA TAVOLA MINERALE NO GAS PLAS 06 125.0 CL NOBIO";"ML";"1250";"ML|1250";0.988019092182695
"A";"124";"55539657";"2020";"5";"03060106";"01.1.2.7.2.00";"DEL ZOPPO DEL ZOPPO NOBIO FAMIGLIA WAGYU BRESAOLA FETTE PUNTA D'ANCA 1 080 GR A.M.";"DEL ZOPPO";"80GR";"Affettati Bresaola";"AFFETTATI";"8010995001397";"84.67";"25";"3.39";"6";"385.91";"79";"4.88";"25";"-78.0596512140136";"-30.6684978362831";"  NOBIO FAMIGLIA WAGYU BRESAOLA FETTE PUNTA D'ANCA 1 080 GR A.M.";"DEL ZOPPO DEL ZOPPO NOBIO FAMIGLIA WAGYU BRESAOLA FETTE PUNTA D'ANCA 1 080 GR A.M.";"GR";"80";"GR|80";0.87875863867179
"B";"126112";"23795859";"2020";"5";"03060106";"01.1.2.7.2.00";"DEL ZOPPO DEL ZOPPO NOBIO FAMIGLIA STD BRESAOLA FETTE PUNTA D'ANCA VALTELLINA 1 080 GR A.M.";"DEL ZOPPO";"80GR";"Affettati Bresaola";"AFFETTATI";"8010995000260";"16850.44";"4529";"3.72";"48";"12527.97";"3272";"3.83";"42";"34.5025570782816";"-2.82791637002925";"  NOBIO FAMIGLIA STD BRESAOLA FETTE PUNTA D'ANCA VALTELLINA 1 080 GR A.M.";"DEL ZOPPO DEL ZOPPO NOBIO FAMIGLIA STD BRESAOLA FETTE PUNTA D'ANCA VALTELLINA 1 080 GR A.M.";"GR";"80";"GR|80";0.87875863867179
"A";"111";"44858515";"2020";"5";"03060102";"01.1.2.7.2.00";"ROVAGNATI ROVAGNATI NOBIO FAMIGLIA SNELLO GUSTO&BENESS. COTTO FETTE NORM 1 110 GR A.M.";"ROVAGNATI";"110GR";"Affettati Prosc. Cotto";"AFFETTATI";"8007141509739";"11712.01";"6797";"1.72";"143";"50996.77";"18713";"2.73";"2077";"-77.0338199850696";"-36.7712039694878";"  NOBIO FAMIGLIA SNELLO GUSTO&BENESS. COTTO FETTE NORM 1 110 GR A.M.";"ROVAGNATI ROVAGNATI NOBIO FAMIGLIA SNELLO GUSTO&BENESS. COTTO FETTE NORM 1 110 GR A.M.";"GR";"110";"GR|110";0.999999999965535
"B";"153866";"55009479";"2020";"5";"03060102";"01.1.2.7.2.00";"ROVAGNATI ROVAGNATI NOBIO FAMIGLIA SNELLO GUSTO&BENESS. COTTO FETTE ALLE ERBE 1 110 GR A.M.";"ROVAGNATI";"110GR";"Affettati Prosc. Cotto";"AFFETTATI";"8007141512081";"9140.43";"3390";"2.7";"92";"6756.88";"2465";"2.74";"151";"35.2758965676466";"-1.63566813001508";"  NOBIO FAMIGLIA SNELLO GUSTO&BENESS. COTTO FETTE ALLE ERBE 1 110 GR A.M.";"ROVAGNATI ROVAGNATI NOBIO FAMIGLIA SNELLO GUSTO&BENESS. COTTO FETTE ALLE ERBE 1 110 GR A.M.";"GR";"110";"GR|110";0.999999999965535
"A";"93";"38466012";"2020";"5";"03060104";"01.1.2.7.2.00";"SAN VINCENZO SAN VINCENZO NOBIO LUCANA BIANCA SOPPRESSATA FAMIGLIA SALAME FETTE 1 080 GR A.M.";"SAN VINCENZO";"80GR";"Affettati Salame";"AFFETTATI";"8020263007341";"46.05";"41";"1.12";"3";"164.08";"87";"1.89";"9";"-71.934422233057";"-40.446213031121";"  NOBIO LUCANA BIANCA SOPPRESSATA FAMIGLIA SALAME FETTE 1 080 GR A.M.";"SAN VINCENZO SAN VINCENZO NOBIO LUCANA BIANCA SOPPRESSATA FAMIGLIA SALAME FETTE 1 080 GR A.M.";"GR";"80";"GR|80";0.999999992933191
"B";"143866";"44185762";"2020";"5";"03060104";"01.1.2.7.2.00";"SAN VINCENZO SAN VINCENZO NOBIO STD SPIANATA PICCANTE FAMIGLIA SALAME FETTE 1 080 GR A.M.";"SAN VINCENZO";"80GR";"Affettati Salame";"AFFETTATI";"8020263007488";"2685.6";"1000";"2.69";"12";"2045.88";"763";"2.68";"14";"31.2686961112089";"0.15801513285237";"  NOBIO STD SPIANATA PICCANTE FAMIGLIA SALAME FETTE 1 080 GR A.M.";"SAN VINCENZO SAN VINCENZO NOBIO STD SPIANATA PICCANTE FAMIGLIA SALAME FETTE 1 080 GR A.M.";"GR";"80";"GR|80";0.999999992933191
"A";"40";"46458158";"2020";"5";"03060104";"01.1.2.7.2.00";"PL PL NOBIO STD NORM FAMIGLIA SALAME FETTE 1 080 GR PL A.M.";"PENNY MARKET";"80GR";"Affettati Salame";"AFFETTATI";"4388860530650";"42.06";"35";"1.2";"12";"705.82";"386";"1.83";"128";"-94.0409736193364";"-34.2804519161097";"PL PL NOBIO STD NORM FAMIGLIA SALAME FETTE 1 080 GR PL A.M.";"PL PL NOBIO STD NORM FAMIGLIA SALAME FETTE 1 080 GR PL A.M.";"GR";"80";"GR|80";0.999999908652343
"B";"37121";"47723281";"2020";"5";"03060104";"01.1.2.7.2.00";"PL PL NOBIO STD NORM FAMIGLIA SALAME FETTE 1 080 GR PL A.M.";"BENNET";"80GR";"Affettati Salame";"AFFETTATI";"8019514075154";"1940.54";"1091";"1.78";"38";"1628.77";"919";"1.77";"38";"19.1414380176452";"0.358369879208024";"PL PL NOBIO STD NORM FAMIGLIA SALAME FETTE 1 080 GR PL A.M.";"PL PL NOBIO STD NORM FAMIGLIA SALAME FETTE 1 080 GR PL A.M.";"GR";"80";"GR|80";0.999999908652343
"A";"122";"53531620";"2020";"5";"01020304";"01.1.8.3.0.00";"ERNESTO BRUSA ERNESTO BRUSA NOBIO OVETTI CONFETTATI CIOCCOLATO LATTE.CREMA NOCCIOLA BUS 01 0155.0 GR";"ERNESTO BRUSA";"155GR";"Altri Fuori Pasto Dolci Bocconcini Conf";"ALTRI FUORI PASTO DOLCI";"8018059001628";"70";"37";"1.89";"5";"498.54";"175";"2.85";"14";"-85.95900028082";"-33.5898661930675";"  NOBIO OVETTI CONFETTATI CIOCCOLATO LATTE.CREMA NOCCIOLA BUS 01 0155.0 GR";"ERNESTO BRUSA ERNESTO BRUSA NOBIO OVETTI CONFETTATI CIOCCOLATO LATTE.CREMA NOCCIOLA BUS 01 0155.0 GR";"GR";"155";"GR|155";0.999999965593371
"B";"87224";"42728812";"2020";"5";"01020304";"01.1.8.3.0.00";"ERNESTO BRUSA ERNESTO BRUSA NOBIO OVETTI CONFETTATI CIOCC.LATTE CREMA CAPPUCCINO BUS 01 0155.0 GR";"ERNESTO BRUSA";"155GR";"Altri Fuori Pasto Dolci Bocconcini Conf";"ALTRI FUORI PASTO DOLCI";"8018059005916";"68.99";"35";"1.97";"8";"588.98";"210";"2.8";"14";"-88.2865292539645";"-29.7191755237869";"  NOBIO OVETTI CONFETTATI CIOCC.LATTE CREMA CAPPUCCINO BUS 01 0155.0 GR";"ERNESTO BRUSA ERNESTO BRUSA NOBIO OVETTI CONFETTATI CIOCC.LATTE CREMA CAPPUCCINO BUS 01 0155.0 GR";"GR";"155";"GR|155";0.999999965593371
"A";"32";"42640576";"2020";"5";"01020304";"01.1.8.3.0.00";"CARAMELLAMANIA MANIA NOBIO OVETTI CONFETTATI QUAGLIA CREMA NOCCIOLA SACCHETTO 01 0150.0 GR";"MANIA";"150GR";"Altri Fuori Pasto Dolci Bocconcini Conf";"ALTRI FUORI PASTO DOLCI";"8016531005461";"81.98";"60";"1.37";"16";"2409.53";"1221";"1.97";"125";"-96.5976767253365";"-30.7627213605973";"CARAMELLA  NOBIO OVETTI CONFETTATI QUAGLIA CREMA NOCCIOLA SACCHETTO 01 0150.0 GR";"CARAMELLAMANIA MANIA NOBIO OVETTI CONFETTATI QUAGLIA CREMA NOCCIOLA SACCHETTO 01 0150.0 GR";"GR";"150";"GR|150";0.996370044692414
"B";"87007";"42651844";"2020";"5";"01020304";"01.1.8.3.0.00";"CARAMELLAMANIA MANIA NOBIO OVETTI CONFETTATI CIOCC.FONDENTE SCATOLA 01 0150.0 GR";"MANIA";"150GR";"Altri Fuori Pasto Dolci Bocconcini Conf";"ALTRI FUORI PASTO DOLCI";"8016531163093";"283.43";"208";"1.36";"7";"658.55";"303";"2.17";"14";"-56.9615063396857";"-37.3045020236767";"CARAMELLA  NOBIO OVETTI CONFETTATI CIOCC.FONDENTE SCATOLA 01 0150.0 GR";"CARAMELLAMANIA MANIA NOBIO OVETTI CONFETTATI CIOCC.FONDENTE SCATOLA 01 0150.0 GR";"GR";"150";"GR|150";0.996370044692414
"A";"50";"5653740";"2020";"5";"01020304";"01.1.8.3.0.00";"CONFETTI CRISPO CRISPO NOBIO OVETTI CONFETTATI TORTORA SACCHETTO 01 0500.0 GR";"CRISPO";"500GR";"Altri Fuori Pasto Dolci Bocconcini Conf";"ALTRI FUORI PASTO DOLCI";"8005085701707";"767.23";"481";"1.6";"71";"7992.9";"2861";"2.79";"193";"-90.4011059815586";"-42.9055389048633";"CONFETTI   NOBIO OVETTI CONFETTATI TORTORA SACCHETTO 01 0500.0 GR";"CONFETTI CRISPO CRISPO NOBIO OVETTI CONFETTATI TORTORA SACCHETTO 01 0500.0 GR";"GR";"500";"GR|500";0.774351491508363
"B";"32606";"44152964";"2020";"5";"01020304";"01.1.8.3.0.00";"CONFETTI CRISPO CRISPO NOBIO OVETTI CONFETTATI UOVO DI TORTORA CIOCC.FOND.CR.NOCCIOLA.CER. BUS 01 0450.0 GR";"CRISPO";"450GR";"Altri Fuori Pasto Dolci Bocconcini Conf";"ALTRI FUORI PASTO DOLCI";"8005085718101";"284.23";"150";"1.89";"26";"3360.14";"1368";"2.46";"136";"-91.5411262625962";"-22.8550715148774";"CONFETTI   NOBIO OVETTI CONFETTATI UOVO DI TORTORA CIOCC.FOND.CR.NOCCIOLA.CER. BUS 01 0450.0 GR";"CONFETTI CRISPO CRISPO NOBIO OVETTI CONFETTATI UOVO DI TORTORA CIOCC.FOND.CR.NOCCIOLA.CER. BUS 01 0450.0 GR";"GR";"450";"GR|450";0.774351491508363
"A";"29";"42297250";"2020";"5";"03080205";"01.1.1.8.0.00";"BUITONI BUITONI NOBIO 01 ROTOLO 01 PASTA BRISEE LA BRISEE LEGGERA 00230.0 STD GR -30% DI GRASSI";"BUITONI";"230GR";"Basi Pasta Brisee";"BASI";"7613036294430";"21.63";"17";"1.27";"2";"5411.69";"2888";"1.87";"719";"-99.6003096999274";"-32.0996713758983";"  NOBIO 01 ROTOLO 01 PASTA BRISEE LA BRISEE LEGGERA 00230.0 STD GR -30% DI GRASSI";"BUITONI BUITONI NOBIO 01 ROTOLO 01 PASTA BRISEE LA BRISEE LEGGERA 00230.0 STD GR -30% DI GRASSI";"GR";"230";"GR|230";0.999884152011023
"B";"25663";"3749454";"2020";"5";"03080205";"01.1.1.8.0.00";"BUITONI BUITONI NOBIO 01 ROTOLO 01 PASTA BRISEE STD 00230.0 STD GR";"BUITONI";"230GR";"Basi Pasta Brisee";"BASI";"8000300155877";"181462.66";"124626";"1.46";"1925";"246506.98";"185171";"1.33";"2407";"-26.3864009043476";"9.37608330638107";"  NOBIO 01 ROTOLO 01 PASTA BRISEE STD 00230.0 STD GR";"BUITONI BUITONI NOBIO 01 ROTOLO 01 PASTA BRISEE STD 00230.0 STD GR";"GR";"230";"GR|230";0.999884152011023
"A";"53";"584050";"2020";"5";"01020203";"01.1.8.4.0.00";"CIDNEO CIDNEO GALLINELLE NORM SAC DUR SCART STD 1 00150.0 GR NOBIO";"CIDNEO";"150GR";"Caramelle Dure e Ripiene";"CARAMELLE";"8000038015832";"19.38";"16";"1.21";"8";"81.37";"35";"2.32";"16";"-76.1828683790095";"-47.9000245790832";"  GALLINELLE NORM SAC DUR SCART STD 1 00150.0 GR NOBIO";"CIDNEO CIDNEO GALLINELLE NORM SAC DUR SCART STD 1 00150.0 GR NOBIO";"GR";"150";"GR|150";0.999999999999935
"B";"130146";"24998265";"2020";"5";"01020203";"01.1.8.4.0.00";"CIDNEO CIDNEO ANICETTE NORM SAC DUR SCART STD 1 00150.0 GR NOBIO";"CIDNEO";"150GR";"Caramelle Dure e Ripiene";"CARAMELLE";"8000038500024";"393.15";"304";"1.29";"72";"295.35";"233";"1.27";"105";"33.1132554596242";"2.02430434898827";"  ANICETTE NORM SAC DUR SCART STD 1 00150.0 GR NOBIO";"CIDNEO CIDNEO ANICETTE NORM SAC DUR SCART STD 1 00150.0 GR NOBIO";"GR";"150";"GR|150";0.999999999999935
"A";"199";"584049";"2020";"5";"01020207";"01.1.8.4.0.00";"CIDNEO MORBIDOSI OVETTI E GALLINE NORM SAC GOM SCART FRUTTA 00200.0 1 GR NOBIO";"MORBIDOSI";"200GR";"Caramelle Gommose";"CARAMELLE";"8000038015719";"191.18";"142";"1.35";"31";"1303.85";"651";"2";"137";"-85.3372703915328";"-32.7786128513228";"CIDNEO  OVETTI E GALLINE NORM SAC GOM SCART FRUTTA 00200.0 1 GR NOBIO";"CIDNEO MORBIDOSI OVETTI E GALLINE NORM SAC GOM SCART FRUTTA 00200.0 1 GR NOBIO";"GR";"200";"GR|200";1
"B";"157799";"584096";"2020";"5";"01020207";"01.1.8.4.0.00";"CIDNEO MORBIDOSI STD NORM SAC GOM SCART FRUTTA 00200.0 1 GR NOBIO";"MORBIDOSI";"200GR";"Caramelle Gommose";"CARAMELLE";"8000038015917";"330.63";"153";"2.16";"38";"212.23";"97";"2.19";"147";"55.7885313103708";"-1.23210760061458";"CIDNEO  STD NORM SAC GOM SCART FRUTTA 00200.0 1 GR NOBIO";"CIDNEO MORBIDOSI STD NORM SAC GOM SCART FRUTTA 00200.0 1 GR NOBIO";"GR";"200";"GR|200";1
"A";"112";"47978166";"2020";"5";"03091003";"01.1.9.4.0.00";"NUOVAJOLLI NUOVAJOLLI INS.RUSSA C/TONNO INSALATE STD 1 01000 VERD.TONNO GR NOBIO";"NUOVAJOLLI";"1000GR";"Fresco Altri Piatti Pronti - Insalate";"FRESCO ALTRI PIATTI PRONTI";"8005701010169";"296.7";"172";"1.73";"48";"3712.28";"1393";"2.66";"127";"-92.0076071848029";"-35.2709116769209";"  INS.RUSSA C/TONNO INSALATE STD 1 01000 VERD.TONNO GR NOBIO";"NUOVAJOLLI NUOVAJOLLI INS.RUSSA C/TONNO INSALATE STD 1 01000 VERD.TONNO GR NOBIO";"GR";"1000";"GR|1000";0.999999923996558
"B";"37565";"47925322";"2020";"5";"03091003";"01.1.9.4.0.00";"NUOVAJOLLI NUOVAJOLLI NOBIO STD INSALATE INS.RUSSA VEGETALE 1 01000 GR";"NUOVAJOLLI";"1000GR";"Fresco Altri Piatti Pronti - Insalate";"FRESCO ALTRI PIATTI PRONTI";"8005701010244";"81.15";"30";"2.71";"7";"39.36";"14";"2.81";"26";"106.173780487805";"-3.78556910569106";"  NOBIO STD INSALATE INS.RUSSA VEGETALE 1 01000 GR";"NUOVAJOLLI NUOVAJOLLI NOBIO STD INSALATE INS.RUSSA VEGETALE 1 01000 GR";"GR";"1000";"GR|1000";0.999999923996558
"A";"129";"7853601";"2020";"5";"01220404";"01.1.6.3.0.00";"STELLA SUD STELLA SUD NOBIO AMARENE STD SCAT 1 0180 GR";"STELLA SUD";"180GR";"Frutta Ricoperta e Pralinata";"FRUTTA ESSICATA DISIDRATATA E RICOPERTA";"8000352001016";"105.06";"108";"0.97";"15";"824.04";"387";"2.13";"39";"-87.2506189019951";"-54.3147177321489";"  NOBIO AMARENE STD SCAT 1 0180 GR";"STELLA SUD STELLA SUD NOBIO AMARENE STD SCAT 1 0180 GR";"GR";"180";"GR|180";0.996046913564598
"B";"106221";"7146686";"2020";"5";"01220404";"01.1.6.3.0.00";"STELLA SUD STELLA SUD NOBIO MANDORLE STD SCAT 1 0180 GR";"STELLA SUD";"180GR";"Frutta Ricoperta e Pralinata";"FRUTTA ESSICATA DISIDRATATA E RICOPERTA";"8000352999795";"75.53";"34";"2.22";"10";"43.76";"17";"2.57";"36";"72.6005484460695";"-13.6997257769653";"  NOBIO MANDORLE STD SCAT 1 0180 GR";"STELLA SUD STELLA SUD NOBIO MANDORLE STD SCAT 1 0180 GR";"GR";"180";"GR|180";0.996046913564598
"A";"179";"4565075";"2020";"5";"01220305";"01.1.6.3.0.00";"ALFANO ALFANO NOCI GRENOBLE GUSCIO BUST 1 0500 GR NOBIO";"ALFANO";"500GR";"Frutta Secca con guscio Noci";"FRUTTA SECCA CON GUSCIO";"8006440012346";"80.38";"60";"1.34";"4";"19451.36";"7891";"2.47";"77";"-99.586764113152";"-45.6525936147053";"  NOCI GRENOBLE GUSCIO BUST 1 0500 GR NOBIO";"ALFANO ALFANO NOCI GRENOBLE GUSCIO BUST 1 0500 GR NOBIO";"GR";"500";"GR|500";0.999991810699435
"B";"61941";"1452887";"2020";"5";"01220305";"01.1.6.3.0.00";"ALFANO ALFANO NOCI JUMBO USA GUSCIO 1 0500 GR NOBIO";"ALFANO";"500GR";"Frutta Secca con guscio Noci";"FRUTTA SECCA CON GUSCIO";"8006440012285";"1034.26";"469";"2.21";"11";"34176.61";"14438";"2.37";"77";"-96.9737782653107";"-6.83882855982036";"  NOCI JUMBO USA GUSCIO 1 0500 GR NOBIO";"ALFANO ALFANO NOCI JUMBO USA GUSCIO 1 0500 GR NOBIO";"GR";"500";"GR|500";0.999991810699435
"A";"36";"44228160";"2020";"5";"04010201";"01.1.8.5.0.00";"SOC.AGR.FIORENTINI ANGE.STEFANO CASCINA BIRAGA NOBIO SECCHIELLO STD 00250.0 MENTA.CIOCCOLATO GR GELATO 1";"CASCINA BIRAGA";"250GR";"Gelati Vaschette - Fino a 299 Gr";"GELATI VASCHETTE";"8057829291524";"27.38";"11";"2.49";"2";"127.11";"34";"3.74";"8";"-78.4596019195972";"-33.4205877514823";"SOC.AGR.FIORENTINI ANGE.STEFANO  NOBIO SECCHIELLO STD 00250.0 MENTA.CIOCCOLATO GR GELATO 1";"SOC.AGR.FIORENTINI ANGE.STEFANO CASCINA BIRAGA NOBIO SECCHIELLO STD 00250.0 MENTA.CIOCCOLATO GR GELATO 1";"GR";"250";"GR|250";0.959257779870901
"B";"89129";"44532225";"2020";"5";"04010201";"01.1.8.5.0.00";"SOC.AGR.FIORENTINI ANGE.STEFANO CASCINA BIRAGA NOBIO SECCHIELLO STD 00250.0 MENTA.CIOCCOLATO GR GELATO FACE18 1";"CASCINA BIRAGA";"250GR";"Gelati Vaschette - Fino a 299 Gr";"GELATI VASCHETTE";"8057829290077";"77.6";"22";"3.53";"5";"85.03";"24";"3.54";"11";"-8.73809243796307";"-0.441555386868806";"SOC.AGR.FIORENTINI ANGE.STEFANO  NOBIO SECCHIELLO STD 00250.0 MENTA.CIOCCOLATO GR GELATO FACE18 1";"SOC.AGR.FIORENTINI ANGE.STEFANO CASCINA BIRAGA NOBIO SECCHIELLO STD 00250.0 MENTA.CIOCCOLATO GR GELATO FACE18 1";"GR";"250";"GR|250";0.959257779870901
"A";"109";"42849212";"2020";"5";"05050102";"05.6.1.2.0.00";"BERICA HYGIENE SMILEX FLEXI GRAN VINIL SCAT 1 100 GUA SENZA POLVERE";"SMILEX";"100UNI";"Guanti Usa e Getta";"GUANTI";"8024151807679";"80.69";"15";"5.38";"1";"3265.52";"421";"7.76";"28";"-97.5290305984958";"-30.6481254644487";"BERICA HYGIENE  FLEXI GRAN VINIL SCAT 1 100 GUA SENZA POLVERE";"BERICA HYGIENE SMILEX FLEXI GRAN VINIL SCAT 1 100 GUA SENZA POLVERE";"UNI";"100";"UNI|100";0.999870805078736
"B";"87548";"42849133";"2020";"5";"05050102";"05.6.1.2.0.00";"BERICA HYGIENE SMILEX FLEXI PICC VINIL SCAT 1 100 GUA SENZA POLVERE";"SMILEX";"100UNI";"Guanti Usa e Getta";"GUANTI";"8024151807631";"1057.59";"194";"5.45";"8";"5062.59";"674";"7.51";"30";"-79.1097047163606";"-27.4223761795208";"BERICA HYGIENE  FLEXI PICC VINIL SCAT 1 100 GUA SENZA POLVERE";"BERICA HYGIENE SMILEX FLEXI PICC VINIL SCAT 1 100 GUA SENZA POLVERE";"UNI";"100";"UNI|100";0.999870805078736
"A";"167";"36681602";"2020";"5";"01170405";"01.1.9.9.0.00";"EURO COMPANY EURO COMPANY NOBIO MANDORLE MANDORLE AFFETTATE 01 00060.0 GR 001 DECOR";"EURO COMPANY";"60GR";"Ingredienti per Pasticceria Decorazioni";"INGREDIENTI PER PASTICCERIA";"8009750915635";"30.68";"40";"0.77";"8";"221.44";"172";"1.29";"42";"-86.1452312138728";"-40.4244942196532";"  NOBIO MANDORLE MANDORLE AFFETTATE 01 00060.0 GR 001 DECOR";"EURO COMPANY EURO COMPANY NOBIO MANDORLE MANDORLE AFFETTATE 01 00060.0 GR 001 DECOR";"GR";"60";"GR|60";1
"B";"136480";"36690046";"2020";"5";"01170405";"01.1.9.9.0.00";"EURO COMPANY EURO COMPANY NOBIO MANDORLE MANDORLE SGUSCIATE A FETTE 01 00060.0 GR 001 DECOR";"EURO COMPANY";"60GR";"Ingredienti per Pasticceria Decorazioni";"INGREDIENTI PER PASTICCERIA";"8009750914027";"660.13";"420";"1.57";"34";"627.36";"399";"1.57";"34";"5.22347615404234";"-0.0376976536597807";"  NOBIO MANDORLE MANDORLE SGUSCIATE A FETTE 01 00060.0 GR 001 DECOR";"EURO COMPANY EURO COMPANY NOBIO MANDORLE MANDORLE SGUSCIATE A FETTE 01 00060.0 GR 001 DECOR";"GR";"60";"GR|60";1
"A";"38";"4596444";"2020";"5";"01170405";"01.1.9.9.0.00";"LA FENICE LA FENICE STD DECORAZIONI ZUCCHERO PECORELLA E AGNELLIN 01 001 DECOR 00300.0 GR NOBIO";"LA FENICE";"300GR";"Ingredienti per Pasticceria Decorazioni";"INGREDIENTI PER PASTICCERIA";"8026841100732";"164.07";"118";"1.39";"28";"3093.5";"1510";"2.05";"104";"-94.6962986908033";"-32.130601890788";"  STD DECORAZIONI ZUCCHERO PECORELLA E AGNELLIN 01 001 DECOR 00300.0 GR NOBIO";"LA FENICE LA FENICE STD DECORAZIONI ZUCCHERO PECORELLA E AGNELLIN 01 001 DECOR 00300.0 GR NOBIO";"GR";"300";"GR|300";0.999992248574939
"B";"81253";"3765097";"2020";"5";"01170405";"01.1.9.9.0.00";"LA FENICE LA FENICE STD DECORAZIONI MARZAPANE MAR.FRUTTA MARTORANA 01 001 DECOR 00250.0 GR NOBIO";"LA FENICE";"250GR";"Ingredienti per Pasticceria Decorazioni";"INGREDIENTI PER PASTICCERIA";"8026841104112";"15";"15";"1";"1";"40.54";"13";"3.12";"120";"-62.9995066600888";"-67.932905772077";"  STD DECORAZIONI MARZAPANE MAR.FRUTTA MARTORANA 01 001 DECOR 00250.0 GR NOBIO";"LA FENICE LA FENICE STD DECORAZIONI MARZAPANE MAR.FRUTTA MARTORANA 01 001 DECOR 00250.0 GR NOBIO";"GR";"250";"GR|250";0.999992248574939
"A";"20";"34991932";"2020";"5";"01180209";"01.1.4.3.0.00";"LACTALIS ZYMIL NOBIO ALTA DIGERIBILITA' STD PLAS P.S. 06 BOTT 1000 ML";"ZYMIL";"1000ML";"Latte Uht Alta Digeribilita/Delattosato";"LATTE UHT";"8002580017852";"788.18";"459";"1.72";"19";"12201.77";"2994";"4.08";"288";"-93.5404453616156";"-57.8651272607342";"LACTALIS  NOBIO ALTA DIGERIBILITA' STD PLAS P.S. 06 BOTT 1000 ML";"LACTALIS ZYMIL NOBIO ALTA DIGERIBILITA' STD PLAS P.S. 06 BOTT 1000 ML";"ML";"1000";"ML|1000";0.982842793343343
"B";"90330";"4496937";"2020";"5";"01180209";"01.1.4.3.0.00";"LACTALIS ZYMIL NOBIO ALTA DIGERIBILITA' STD PLAS P.S. 06 BOTT 1000 ML";"ZYMIL";"1000ML";"Latte Uht Alta Digeribilita/Delattosato";"LATTE UHT";"8002580010648";"13987.74";"1554";"9";"64";"8959.37";"1189";"7.54";"83";"56.1241471219517";"19.4540610862294";"LACTALIS  NOBIO ALTA DIGERIBILITA' STD PLAS P.S. 06 BOTT 1000 ML";"LACTALIS ZYMIL NOBIO ALTA DIGERIBILITA' STD PLAS P.S. 06 BOTT 1000 ML";"ML";"1000";"ML|1000";0.982842793343343
"A";"27";"40192415";"2020";"5";"03010101";"01.1.4.5.2.00";"BARLOTTI BARLOTTI NOBIO CAMPANA DOP TRADIZ BUF TAVOLA 1 00250 GR 001 MOZZAR PALLA BUSTA FACE17";"BARLOTTI";"250GR";"Mozzarelle Bufala";"MOZZARELLE";"8033140802519";"137.26";"32";"4.29";"1";"881.21";"74";"11.91";"1";"-84.4236901533119";"-63.9797834795338";"  NOBIO CAMPANA DOP TRADIZ BUF TAVOLA 1 00250 GR 001 MOZZAR PALLA BUSTA FACE17";"BARLOTTI BARLOTTI NOBIO CAMPANA DOP TRADIZ BUF TAVOLA 1 00250 GR 001 MOZZAR PALLA BUSTA FACE17";"GR";"250";"GR|250";1
"B";"21891";"32335285";"2020";"5";"03010101";"01.1.4.5.2.00";"BARLOTTI BARLOTTI NOBIO CAMPANA DOP TRADIZ BUF TAVOLA 1 00250 GR 001 MOZZAR PALLA BUSTA";"BARLOTTI";"250GR";"Mozzarelle Bufala";"MOZZARELLE";"8033140802502";"3927.61";"1117";"3.52";"8";"2782.91";"793";"3.51";"8";"41.1332022954389";"0.195729113950826";"  NOBIO CAMPANA DOP TRADIZ BUF TAVOLA 1 00250 GR 001 MOZZAR PALLA BUSTA";"BARLOTTI BARLOTTI NOBIO CAMPANA DOP TRADIZ BUF TAVOLA 1 00250 GR 001 MOZZAR PALLA BUSTA";"GR";"250";"GR|250";1
"A";"110";"4435381";"2020";"5";"03010101";"01.1.4.5.2.00";"LA BARONIA LA BARONIA NOBIO BUF DOP 1 00250 GR TRADIZ TAVOLA 001 MOZZAR PALLA BUSTA";"LA BARONIA";"250GR";"Mozzarelle Bufala";"MOZZARELLE";"8030514000014";"66.74";"43";"1.55";"1";"349.86";"90";"3.89";"7";"-80.9237980906648";"-60.073065771159";"  NOBIO BUF DOP 1 00250 GR TRADIZ TAVOLA 001 MOZZAR PALLA BUSTA";"LA BARONIA LA BARONIA NOBIO BUF DOP 1 00250 GR TRADIZ TAVOLA 001 MOZZAR PALLA BUSTA";"GR";"250";"GR|250";1
"B";"138860";"40072893";"2020";"5";"03010101";"01.1.4.5.2.00";"LA BARONIA LA BARONIA NOBIO CAMPANA DOP TRADIZ BUF TAVOLA 1 00250 GR 001 MOZZAR PALLA BUSTA";"LA BARONIA";"250GR";"Mozzarelle Bufala";"MOZZARELLE";"8030514000045";"7660.27";"1253";"6.11";"9";"7028.18";"1141";"6.16";"10";"8.99365127244891";"-0.748798003300709";"  NOBIO CAMPANA DOP TRADIZ BUF TAVOLA 1 00250 GR 001 MOZZAR PALLA BUSTA";"LA BARONIA LA BARONIA NOBIO CAMPANA DOP TRADIZ BUF TAVOLA 1 00250 GR 001 MOZZAR PALLA BUSTA";"GR";"250";"GR|250";1
"A";"126";"5796121";"2020";"5";"03010102";"01.1.4.5.2.00";"PALAZZO MURGELLA NOBIO STD TRADIZ VACC TAVOLA 1 00250 GR 002 MOZZAR PALLA VASCHETTA";"MURGELLA";"250GR";"Mozzarelle Latte Vaccino";"MOZZARELLE";"8014745014057";"300.11";"173";"1.73";"31";"9716.02";"2841";"3.42";"77";"-96.9111837974809";"-49.2755674488042";"PALAZZO  NOBIO STD TRADIZ VACC TAVOLA 1 00250 GR 002 MOZZAR PALLA VASCHETTA";"PALAZZO MURGELLA NOBIO STD TRADIZ VACC TAVOLA 1 00250 GR 002 MOZZAR PALLA VASCHETTA";"GR";"250";"GR|250";0.999999999997617
"B";"3452";"12044759";"2020";"5";"03010102";"01.1.4.5.2.00";"PALAZZO MURGELLA NOBIO STD TRADIZ VACC TAVOLA 1 00200 GR 002 MOZZAR BOCC VASCHETTA";"MURGELLA";"200GR";"Mozzarelle Latte Vaccino";"MOZZARELLE";"8014745041022";"435.06";"192";"2.27";"16";"597.13";"261";"2.29";"34";"-27.1414934771323";"-0.957967695476697";"PALAZZO  NOBIO STD TRADIZ VACC TAVOLA 1 00200 GR 002 MOZZAR BOCC VASCHETTA";"PALAZZO MURGELLA NOBIO STD TRADIZ VACC TAVOLA 1 00200 GR 002 MOZZAR BOCC VASCHETTA";"GR";"200";"GR|200";0.999999999997617
"A";"205";"668637";"2020";"5";"07020101";"09.3.4.2.1.00";"PL PL NOBIO STD SALMONE PATE' VASC 01 00100 GR PL";"AUCHAN";"100GR";"Nutrizione Gatto Umido";"NUTRIZIONE GATTO";"8005476018827";"3.68";"16";"0.23";"1";"12.99";"37";"0.35";"47";"-71.6705157813703";"-34.4880677444188";"PL PL NOBIO STD SALMONE PATE' VASC 01 00100 GR PL";"PL PL NOBIO STD SALMONE PATE' VASC 01 00100 GR PL";"GR";"100";"GR|100";0.999612772734899
"B";"7970";"1607302";"2020";"5";"07020101";"09.3.4.2.1.00";"PL PL NOBIO STD SALMONE PATE' VASC 01 00100 GR PL";"AUCHAN";"100GR";"Nutrizione Gatto Umido";"NUTRIZIONE GATTO";"8005476025504";"8.27";"22";"0.38";"4";"26.65";"83";"0.32";"98";"-68.968105065666";"17.074876343169";"PL PL NOBIO STD SALMONE PATE' VASC 01 00100 GR PL";"PL PL NOBIO STD SALMONE PATE' VASC 01 00100 GR PL";"GR";"100";"GR|100";0.999612772734899
"A";"187";"51910118";"2020";"5";"01020501";"01.1.8.3.0.00";"CONFETTI CRISPO CRISPO NOBIO OVE UNI STD CREMA NOC LATTE RIPIENI SAC 1 00500.0 GR FACE19";"CRISPO";"500GR";"Ovetti Pieni o Ripieni Latte (Ciocc. al)";"OVETTI PIENI O RIPIENI";"8005085720227";"818.26";"601";"1.36";"59";"3879.26";"1869";"2.08";"138";"-78.9068018127169";"-34.4040142894639";"CONFETTI   NOBIO OVE UNI STD CREMA NOC LATTE RIPIENI SAC 1 00500.0 GR FACE19";"CONFETTI CRISPO CRISPO NOBIO OVE UNI STD CREMA NOC LATTE RIPIENI SAC 1 00500.0 GR FACE19";"GR";"500";"GR|500";0.999999999961607
"B";"13799";"2313000";"2020";"5";"01020501";"01.1.8.3.0.00";"CONFETTI CRISPO CRISPO NOBIO OVE UNI STD CREMA NOC LATTE RIPIENI SAC 1 00500.0 GR";"CRISPO";"500GR";"Ovetti Pieni o Ripieni Latte (Ciocc. al)";"OVETTI PIENI O RIPIENI";"8032154100925";"445.33";"245";"1.82";"35";"5546.68";"2308";"2.4";"106";"-91.9712332422278";"-24.3657400941295";"CONFETTI   NOBIO OVE UNI STD CREMA NOC LATTE RIPIENI SAC 1 00500.0 GR";"CONFETTI CRISPO CRISPO NOBIO OVE UNI STD CREMA NOC LATTE RIPIENI SAC 1 00500.0 GR";"GR";"500";"GR|500";0.999999999961607
"A";"77";"25526972";"2020";"5";"01020501";"01.1.8.3.0.00";"WITOR'S WITOR'S NOBIO OVE UNI MINI OVETTI CER.NOC LATTE RIPIENI SAC 1 00125.0 GR";"WITOR'S";"125GR";"Ovetti Pieni o Ripieni Latte (Ciocc. al)";"OVETTI PIENI O RIPIENI";"8003535052218";"891.15";"1639";"0.54";"85";"3319.8";"3728";"0.89";"200";"-73.1565154527381";"-38.9429466795654";"  NOBIO OVE UNI MINI OVETTI CER.NOC LATTE RIPIENI SAC 1 00125.0 GR";"WITOR'S WITOR'S NOBIO OVE UNI MINI OVETTI CER.NOC LATTE RIPIENI SAC 1 00125.0 GR";"GR";"125";"GR|125";0.999999999928839
"B";"74627";"25539292";"2020";"5";"01020501";"01.1.8.3.0.00";"WITOR'S WITOR'S NOBIO OVE UNI MINI OVETTI CER.NOC LATTE RIPIENI SAC 1 00125.0 GR FACE16";"WITOR'S";"125GR";"Ovetti Pieni o Ripieni Latte (Ciocc. al)";"OVETTI PIENI O RIPIENI";"8003535052133";"2913.54";"4434";"0.66";"317";"14052.14";"16953";"0.83";"683";"-79.2662185261462";"-20.7262522944872";"  NOBIO OVE UNI MINI OVETTI CER.NOC LATTE RIPIENI SAC 1 00125.0 GR FACE16";"WITOR'S WITOR'S NOBIO OVE UNI MINI OVETTI CER.NOC LATTE RIPIENI SAC 1 00125.0 GR FACE16";"GR";"125";"GR|125";0.999999999928839
"A";"14";"25517956";"2020";"5";"01020501";"01.1.8.3.0.00";"WITOR'S WITOR'S NOBIO OVE UNI MAXI OVETTI CREMA LATTE LATTE RIPIENI SAC 1 00125.0 GR";"WITOR'S";"125GR";"Ovetti Pieni o Ripieni Latte (Ciocc. al)";"OVETTI PIENI O RIPIENI";"8003535052256";"736.73";"1357";"0.54";"69";"2965.22";"3287";"0.9";"169";"-75.1542887205671";"-39.8173522656625";"  NOBIO OVE UNI MAXI OVETTI CREMA LATTE LATTE RIPIENI SAC 1 00125.0 GR";"WITOR'S WITOR'S NOBIO OVE UNI MAXI OVETTI CREMA LATTE LATTE RIPIENI SAC 1 00125.0 GR";"GR";"125";"GR|125";0.999999999831447
"B";"74599";"25536700";"2020";"5";"01020501";"01.1.8.3.0.00";"WITOR'S WITOR'S NOBIO OVE UNI MINI OVETTI CREMA LATTE LATTE RIPIENI SAC 1 00125.0 GR";"WITOR'S";"125GR";"Ovetti Pieni o Ripieni Latte (Ciocc. al)";"OVETTI PIENI O RIPIENI";"8003535052171";"2694.47";"4366";"0.62";"289";"13826.92";"17190";"0.8";"661";"-80.5128690988304";"-23.274443382706";"  NOBIO OVE UNI MINI OVETTI CREMA LATTE LATTE RIPIENI SAC 1 00125.0 GR";"WITOR'S WITOR'S NOBIO OVE UNI MINI OVETTI CREMA LATTE LATTE RIPIENI SAC 1 00125.0 GR";"GR";"125";"GR|125";0.999999999831447
"A";"180";"4587188";"2020";"5";"01020501";"01.1.8.3.0.00";"CONFETTI CRISPO CRISPO NOBIO OVE UNI STD CREMA NOC LATTE RIPIENI SAC 1 01000.0 GR";"CRISPO";"1000GR";"Ovetti Pieni o Ripieni Latte (Ciocc. al)";"OVETTI PIENI O RIPIENI";"8032154100918";"405.77";"131";"3.1";"28";"4373.45";"895";"4.89";"109";"-90.721970069396";"-36.6119329168659";"CONFETTI   NOBIO OVE UNI STD CREMA NOC LATTE RIPIENI SAC 1 01000.0 GR";"CONFETTI CRISPO CRISPO NOBIO OVE UNI STD CREMA NOC LATTE RIPIENI SAC 1 01000.0 GR";"GR";"1000";"GR|1000";0.999999999795449
"B";"20951";"26732292";"2020";"5";"01020501";"01.1.8.3.0.00";"CONFETTI CRISPO CRISPO NOBIO OVE UNI STD CREMA LATTE LATTE RIPIENI BUS 1 01000.0 GR";"CRISPO";"1000GR";"Ovetti Pieni o Ripieni Latte (Ciocc. al)";"OVETTI PIENI O RIPIENI";"8005085707358";"136.7";"35";"3.91";"8";"1047.89";"250";"4.19";"25";"-86.9547376155894";"-6.8195543970673";"CONFETTI   NOBIO OVE UNI STD CREMA LATTE LATTE RIPIENI BUS 1 01000.0 GR";"CONFETTI CRISPO CRISPO NOBIO OVE UNI STD CREMA LATTE LATTE RIPIENI BUS 1 01000.0 GR";"GR";"1000";"GR|1000";0.999999999795449
"A";"135";"1096291";"2020";"5";"01020501";"01.1.8.3.0.00";"SORINI SORINI NOBIO OVE UNI STD CREMA NOC LATTE RIPIENI SAC 1 01000.0 GR";"SORINI";"1000GR";"Ovetti Pieni o Ripieni Latte (Ciocc. al)";"OVETTI PIENI O RIPIENI";"8006423241060";"83.44";"41";"2.04";"6";"374.02";"82";"4.56";"14";"-77.6910325651035";"-55.3820651302069";"  NOBIO OVE UNI STD CREMA NOC LATTE RIPIENI SAC 1 01000.0 GR";"SORINI SORINI NOBIO OVE UNI STD CREMA NOC LATTE RIPIENI SAC 1 01000.0 GR";"GR";"1000";"GR|1000";0.999999979733199
"B";"125178";"2351135";"2020";"5";"01020501";"01.1.8.3.0.00";"SORINI SORINI NOBIO OVE UNI STD CREMA NOC.CAFFE' LATTE RIPIENI SAC 1 01000.0 GR";"SORINI";"1000GR";"Ovetti Pieni o Ripieni Latte (Ciocc. al)";"OVETTI PIENI O RIPIENI";"8006423241282";"480.9";"802";"0.6";"98";"1617.82";"2007";"0.81";"215";"-70.2748142562213";"-25.612907995307";"  NOBIO OVE UNI STD CREMA NOC.CAFFE' LATTE RIPIENI SAC 1 01000.0 GR";"SORINI SORINI NOBIO OVE UNI STD CREMA NOC.CAFFE' LATTE RIPIENI SAC 1 01000.0 GR";"GR";"1000";"GR|1000";0.999999979733199
"A";"103";"42592358";"2020";"5";"01020501";"01.1.8.3.0.00";"VENEZIA DOLCERIE VENEZIANE NOBIO OVE UNI BOUQUET PASQUALE LATTE LATTE NON RIPIENI BOUQUET 1 00120.0 GR";"DOLCERIE VENEZIANE";"120GR";"Ovetti Pieni o Ripieni Latte (Ciocc. al)";"OVETTI PIENI O RIPIENI";"8002749700755";"20.65";"11";"1.88";"3";"1685.63";"480";"3.51";"61";"-98.7749387469374";"-46.5427816845388";"VENEZIA  NOBIO OVE UNI BOUQUET PASQUALE LATTE LATTE NON RIPIENI BOUQUET 1 00120.0 GR";"VENEZIA DOLCERIE VENEZIANE NOBIO OVE UNI BOUQUET PASQUALE LATTE LATTE NON RIPIENI BOUQUET 1 00120.0 GR";"GR";"120";"GR|120";0.999999967265322
"B";"4427";"12817307";"2020";"5";"01020501";"01.1.8.3.0.00";"VENEZIA DOLCERIE VENEZIANE NOBIO OVE UNI BOUQUET PASQUALE LATTE LATTE NON RIPIENI BOUQUET 1 00150.0 GR";"DOLCERIE VENEZIANE";"150GR";"Ovetti Pieni o Ripieni Latte (Ciocc. al)";"OVETTI PIENI O RIPIENI";"8002749560632";"328.01";"58";"5.66";"12";"13231.59";"1857";"7.13";"275";"-97.5210084351163";"-20.6295286898431";"VENEZIA  NOBIO OVE UNI BOUQUET PASQUALE LATTE LATTE NON RIPIENI BOUQUET 1 00150.0 GR";"VENEZIA DOLCERIE VENEZIANE NOBIO OVE UNI BOUQUET PASQUALE LATTE LATTE NON RIPIENI BOUQUET 1 00150.0 GR";"GR";"150";"GR|150";0.999999967265322
"A";"156";"25530651";"2020";"5";"01020501";"01.1.8.3.0.00";"WITOR'S WITOR'S NOBIO OVE UNI MAXI OVETTI CREMA LATTE.CEREALI LATTE RIPIENI BUS 1 00250.0 GR";"WITOR'S";"250GR";"Ovetti Pieni o Ripieni Latte (Ciocc. al)";"OVETTI PIENI O RIPIENI";"8003535052294";"2098.75";"1693";"1.24";"226";"15095.05";"8250";"1.83";"577";"-86.0964355865002";"-32.2478402768026";"  NOBIO OVE UNI MAXI OVETTI CREMA LATTE.CEREALI LATTE RIPIENI BUS 1 00250.0 GR";"WITOR'S WITOR'S NOBIO OVE UNI MAXI OVETTI CREMA LATTE.CEREALI LATTE RIPIENI BUS 1 00250.0 GR";"GR";"250";"GR|250";0.999999440203415
"B";"19437";"25529700";"2020";"5";"01020501";"01.1.8.3.0.00";"WITOR'S WITOR'S NOBIO OVE UNI MAXI OVETTI CREMA CARAMELLO LATTE RIPIENI BUS 1 00250.0 GR";"WITOR'S";"250GR";"Ovetti Pieni o Ripieni Latte (Ciocc. al)";"OVETTI PIENI O RIPIENI";"8003535052416";"625.39";"536";"1.17";"70";"2466.39";"1499";"1.65";"158";"-74.6435073123067";"-29.0869728752755";"  NOBIO OVE UNI MAXI OVETTI CREMA CARAMELLO LATTE RIPIENI BUS 1 00250.0 GR";"WITOR'S WITOR'S NOBIO OVE UNI MAXI OVETTI CREMA CARAMELLO LATTE RIPIENI BUS 1 00250.0 GR";"GR";"250";"GR|250";0.999999440203415
"A";"30";"42363064";"2020";"5";"01020501";"01.1.8.3.0.00";"ICAM ICAM NOBIO OVE UNI JUVENTUS CREMA NOC LATTE RIPIENI SAC 1 00130.0 GR";"ICAM";"130GR";"Ovetti Pieni o Ripieni Latte (Ciocc. al)";"OVETTI PIENI O RIPIENI";"8006070087110";"3115.02";"2936";"1.06";"384";"10622.51";"6820";"1.56";"637";"-70.6752923744012";"-31.8819802429891";"  NOBIO OVE UNI JUVENTUS CREMA NOC LATTE RIPIENI SAC 1 00130.0 GR";"ICAM ICAM NOBIO OVE UNI JUVENTUS CREMA NOC LATTE RIPIENI SAC 1 00130.0 GR";"GR";"130";"GR|130";0.999998754489172
"B";"142345";"42364103";"2020";"5";"01020501";"01.1.8.3.0.00";"ICAM ICAM NOBIO OVE UNI INTER CREMA NOC LATTE RIPIENI SAC 1 00130.0 GR";"ICAM";"130GR";"Ovetti Pieni o Ripieni Latte (Ciocc. al)";"OVETTI PIENI O RIPIENI";"8006070087134";"1861.13";"1685";"1.1";"318";"6285.43";"4120";"1.53";"559";"-70.389774446617";"-27.5999232760013";"  NOBIO OVE UNI INTER CREMA NOC LATTE RIPIENI SAC 1 00130.0 GR";"ICAM ICAM NOBIO OVE UNI INTER CREMA NOC LATTE RIPIENI SAC 1 00130.0 GR";"GR";"130";"GR|130";0.999998754489172
"A";"79";"25614971";"2020";"5";"01020501";"01.1.8.3.0.00";"CONFETTI CRISPO CRISPO NOBIO OVE UNI STD CREMA LATTE LATTE RIPIENI BUS 1 00150.0 GR";"CRISPO";"150GR";"Ovetti Pieni o Ripieni Latte (Ciocc. al)";"OVETTI PIENI O RIPIENI";"8005085714738";"131.68";"232";"0.57";"29";"882.8";"969";"0.91";"71";"-85.0838241957408";"-37.6992484727278";"CONFETTI   NOBIO OVE UNI STD CREMA LATTE LATTE RIPIENI BUS 1 00150.0 GR";"CONFETTI CRISPO CRISPO NOBIO OVE UNI STD CREMA LATTE LATTE RIPIENI BUS 1 00150.0 GR";"GR";"150";"GR|150";0.999993582389121
"B";"19702";"25601880";"2020";"5";"01020501";"01.1.8.3.0.00";"CONFETTI CRISPO CRISPO NOBIO OVE UNI STD CREMA NOC LATTE RIPIENI BUS 1 00130.0 GR";"CRISPO";"130GR";"Ovetti Pieni o Ripieni Latte (Ciocc. al)";"OVETTI PIENI O RIPIENI";"8005085714745";"195.48";"308";"0.63";"52";"1446.94";"1731";"0.84";"144";"-86.4901101635175";"-24.0726645878207";"CONFETTI   NOBIO OVE UNI STD CREMA NOC LATTE RIPIENI BUS 1 00130.0 GR";"CONFETTI CRISPO CRISPO NOBIO OVE UNI STD CREMA NOC LATTE RIPIENI BUS 1 00130.0 GR";"GR";"130";"GR|130";0.999993582389121
"A";"16";"26443480";"2020";"5";"01020501";"01.1.8.3.0.00";"ROVELLI ROVELLI NOBIO OVE UNI PERLA BIANCA CREMA LATTE LATTE RIPIENI BOUQUET 1 00138.0 GR";"ROVELLI";"138GR";"Ovetti Pieni o Ripieni Latte (Ciocc. al)";"OVETTI PIENI O RIPIENI";"8004333008353";"94.64";"156";"0.61";"14";"719.06";"432";"1.66";"41";"-86.838372319417";"-63.5524156537702";"  NOBIO OVE UNI PERLA BIANCA CREMA LATTE LATTE RIPIENI BOUQUET 1 00138.0 GR";"ROVELLI ROVELLI NOBIO OVE UNI PERLA BIANCA CREMA LATTE LATTE RIPIENI BOUQUET 1 00138.0 GR";"GR";"138";"GR|138";0.999933073330589
"B";"126643";"23948202";"2020";"5";"01020501";"01.1.8.3.0.00";"ROVELLI ROVELLI NOBIO OVE UNI PERLA BIANCA CREMA LATTE LATTE RIPIENI BUS 1 00130.0 GR";"ROVELLI";"130GR";"Ovetti Pieni o Ripieni Latte (Ciocc. al)";"OVETTI PIENI O RIPIENI";"8004333009466";"287.99";"468";"0.62";"32";"502.25";"660";"0.76";"59";"-42.6600298656048";"-19.135939554058";"  NOBIO OVE UNI PERLA BIANCA CREMA LATTE LATTE RIPIENI BUS 1 00130.0 GR";"ROVELLI ROVELLI NOBIO OVE UNI PERLA BIANCA CREMA LATTE LATTE RIPIENI BUS 1 00130.0 GR";"GR";"130";"GR|130";0.999933073330589
"A";"174";"42716073";"2020";"5";"01020501";"01.1.8.3.0.00";"ROVELLI ROVELLI NOBIO OVE UNI CHOCOFIOCK CREMA NOC LATTE RIPIENI BUS 1 00360.0 GR";"ROVELLI";"360GR";"Ovetti Pieni o Ripieni Latte (Ciocc. al)";"OVETTI PIENI O RIPIENI";"8004333010509";"519.86";"523";"0.99";"29";"1936.39";"1030";"1.88";"58";"-73.1531354737424";"-47.1275899387278";"  NOBIO OVE UNI CHOCOFIOCK CREMA NOC LATTE RIPIENI BUS 1 00360.0 GR";"ROVELLI ROVELLI NOBIO OVE UNI CHOCOFIOCK CREMA NOC LATTE RIPIENI BUS 1 00360.0 GR";"GR";"360";"GR|360";0.999926859196125
"B";"70704";"23912582";"2020";"5";"01020501";"01.1.8.3.0.00";"ROVELLI ROVELLI NOBIO OVE UNI CHOCOFIOCK CREMA NOC LATTE RIPIENI BUS 1 00300.0 GR";"ROVELLI";"300GR";"Ovetti Pieni o Ripieni Latte (Ciocc. al)";"OVETTI PIENI O RIPIENI";"8004333010479";"40.5";"34";"1.19";"6";"67.7";"40";"1.69";"9";"-40.1772525849335";"-29.6202971587453";"  NOBIO OVE UNI CHOCOFIOCK CREMA NOC LATTE RIPIENI BUS 1 00300.0 GR";"ROVELLI ROVELLI NOBIO OVE UNI CHOCOFIOCK CREMA NOC LATTE RIPIENI BUS 1 00300.0 GR";"GR";"300";"GR|300";0.999926859196125
"A";"191";"52624229";"2020";"5";"01020501";"01.1.8.3.0.00";"SORINI SORINI NOBIO OVE UNI STD CREMA NOC LATTE RIPIENI CESTINO FELTRO 1 00100.0 GR";"SORINI";"100GR";"Ovetti Pieni o Ripieni Latte (Ciocc. al)";"OVETTI PIENI O RIPIENI";"8006423132009";"73.56";"33";"2.23";"11";"772.61";"209";"3.7";"39";"-90.4790256403619";"-39.700495722292";"  NOBIO OVE UNI STD CREMA NOC LATTE RIPIENI CESTINO FELTRO 1 00100.0 GR";"SORINI SORINI NOBIO OVE UNI STD CREMA NOC LATTE RIPIENI CESTINO FELTRO 1 00100.0 GR";"GR";"100";"GR|100";0.999901076529625
"B";"1758";"1096495";"2020";"5";"01020501";"01.1.8.3.0.00";"SORINI SORINI NOBIO OVE UNI STD CREMA NOC LATTE RIPIENI RETE 1 00100.0 GR";"SORINI";"100GR";"Ovetti Pieni o Ripieni Latte (Ciocc. al)";"OVETTI PIENI O RIPIENI";"8006423242982";"72.7";"69";"1.05";"21";"327.73";"279";"1.17";"37";"-77.817105544198";"-10.3039485048005";"  NOBIO OVE UNI STD CREMA NOC LATTE RIPIENI RETE 1 00100.0 GR";"SORINI SORINI NOBIO OVE UNI STD CREMA NOC LATTE RIPIENI RETE 1 00100.0 GR";"GR";"100";"GR|100";0.999901076529625
"A";"1";"1096502";"2020";"5";"01020501";"01.1.8.3.0.00";"WITOR'S WITOR'S NOBIO OVE UNI MINI CREMA LATTE LATTE RIPIENI SAC 1 01000.0 GR";"WITOR'S";"1000GR";"Ovetti Pieni o Ripieni Latte (Ciocc. al)";"OVETTI PIENI O RIPIENI";"8003535007249";"2625.97";"1121";"2.34";"109";"10541.79";"2522";"4.18";"242";"-75.0899040864976";"-43.9578395237708";"  NOBIO OVE UNI MINI CREMA LATTE LATTE RIPIENI SAC 1 01000.0 GR";"WITOR'S WITOR'S NOBIO OVE UNI MINI CREMA LATTE LATTE RIPIENI SAC 1 01000.0 GR";"GR";"1000";"GR|1000";0.99929433971077
"B";"61508";"14070687";"2020";"5";"01020501";"01.1.8.3.0.00";"WITOR'S WITOR'S NOBIO OVE UNI MAXI OVETTI CREMA LATTE.CEREALI LATTE RIPIENI BUS 1 01000.0 GR";"WITOR'S";"1000GR";"Ovetti Pieni o Ripieni Latte (Ciocc. al)";"OVETTI PIENI O RIPIENI";"8003535027933";"3476.02";"1001";"3.47";"123";"18405.57";"4172";"4.41";"381";"-81.1143039851523";"-21.2875886374181";"  NOBIO OVE UNI MAXI OVETTI CREMA LATTE.CEREALI LATTE RIPIENI BUS 1 01000.0 GR";"WITOR'S WITOR'S NOBIO OVE UNI MAXI OVETTI CREMA LATTE.CEREALI LATTE RIPIENI BUS 1 01000.0 GR";"GR";"1000";"GR|1000";0.99929433971077
"A";"183";"49887363";"2020";"5";"01020501";"01.1.8.3.0.00";"COLUSSI LA SUISSA NOBIO OVE UNI STD CREMA NOCCIOLA LATTE RIPIENI INCAR 1 00350.0 GR FARFALLA";"LA SUISSA";"350GR";"Ovetti Pieni o Ripieni Latte (Ciocc. al)";"OVETTI PIENI O RIPIENI";"8008429239386";"13";"13";"1";"1";"108.24";"47";"2.3";"6";"-87.989652623799";"-56.5779748706578";"COLUSSI  NOBIO OVE UNI STD CREMA NOCCIOLA LATTE RIPIENI INCAR 1 00350.0 GR FARFALLA";"COLUSSI LA SUISSA NOBIO OVE UNI STD CREMA NOCCIOLA LATTE RIPIENI INCAR 1 00350.0 GR FARFALLA";"GR";"350";"GR|350";0.997450126550459
"B";"31513";"42563358";"2020";"5";"01020501";"01.1.8.3.0.00";"COLUSSI LA SUISSA NOBIO OVE UNI STD CREMA LATTE.CEREALI LATTE RIPIENI BUS 1 00350.0 GR";"LA SUISSA";"350GR";"Ovetti Pieni o Ripieni Latte (Ciocc. al)";"OVETTI PIENI O RIPIENI";"8008429239348";"942.29";"763";"1.23";"46";"878.65";"317";"2.77";"52";"7.24292949411028";"-55.4442874840983";"COLUSSI  NOBIO OVE UNI STD CREMA LATTE.CEREALI LATTE RIPIENI BUS 1 00350.0 GR";"COLUSSI LA SUISSA NOBIO OVE UNI STD CREMA LATTE.CEREALI LATTE RIPIENI BUS 1 00350.0 GR";"GR";"350";"GR|350";0.997450126550459
"A";"55";"59799375";"2020";"5";"01020501";"01.1.8.3.0.00";"COLUSSI LA SUISSA NOBIO OVE UNI MAXI OVETTI CREMA CACAO CEREALI LATTE RIPIENI BUS 1 00400.0 GR";"LA SUISSA";"400GR";"Ovetti Pieni o Ripieni Latte (Ciocc. al)";"OVETTI PIENI O RIPIENI";"8008429239416";"470.38";"325";"1.45";"61";"3300.12";"961";"3.43";"114";"-85.746578912282";"-57.8537302606246";"COLUSSI  NOBIO OVE UNI MAXI OVETTI CREMA CACAO CEREALI LATTE RIPIENI BUS 1 00400.0 GR";"COLUSSI LA SUISSA NOBIO OVE UNI MAXI OVETTI CREMA CACAO CEREALI LATTE RIPIENI BUS 1 00400.0 GR";"GR";"400";"GR|400";0.996285878342749
"B";"93746";"49868092";"2020";"5";"01020501";"01.1.8.3.0.00";"COLUSSI LA SUISSA NOBIO OVE UNI STD CREMA LATTE CEREALI LATTE RIPIENI CAPPELLIERA 1 00400.0 GR";"LA SUISSA";"400GR";"Ovetti Pieni o Ripieni Latte (Ciocc. al)";"OVETTI PIENI O RIPIENI";"8008429277517";"1157.95";"301";"3.85";"85";"2899.91";"412";"7.04";"134";"-60.0694504312203";"-45.3442311550258";"COLUSSI  NOBIO OVE UNI STD CREMA LATTE CEREALI LATTE RIPIENI CAPPELLIERA 1 00400.0 GR";"COLUSSI LA SUISSA NOBIO OVE UNI STD CREMA LATTE CEREALI LATTE RIPIENI CAPPELLIERA 1 00400.0 GR";"GR";"400";"GR|400";0.996285878342749
"A";"76";"25397108";"2020";"5";"01020501";"01.1.8.3.0.00";"WITOR'S WITOR'S NOBIO OVE UNI MAXI OVETTI CREMA LATTE.CEREALI LATTE RIPIENI SAC 1 00100.0 GR +PELUCHE";"WITOR'S";"100GR";"Ovetti Pieni o Ripieni Latte (Ciocc. al)";"OVETTI PIENI O RIPIENI";"8003535052652";"559.36";"306";"1.83";"36";"2005.08";"704";"2.85";"80";"-72.1028587388034";"-35.818341673587";"  NOBIO OVE UNI MAXI OVETTI CREMA LATTE.CEREALI LATTE RIPIENI SAC 1 00100.0 GR +PELUCHE";"WITOR'S WITOR'S NOBIO OVE UNI MAXI OVETTI CREMA LATTE.CEREALI LATTE RIPIENI SAC 1 00100.0 GR +PELUCHE";"GR";"100";"GR|100";0.99546123019543
"B";"6328";"14069831";"2020";"5";"01020501";"01.1.8.3.0.00";"WITOR'S WITOR'S NOBIO OVE UNI MAXI OVETTI CREMA LATTE.CEREALI LATTE RIPIENI BUS 1 00120.0 GR";"WITOR'S";"120GR";"Ovetti Pieni o Ripieni Latte (Ciocc. al)";"OVETTI PIENI O RIPIENI";"8003535027735";"1015.66";"1451";"0.7";"106";"5585.77";"5884";"0.95";"268";"-81.8170100093631";"-26.265531974564";"  NOBIO OVE UNI MAXI OVETTI CREMA LATTE.CEREALI LATTE RIPIENI BUS 1 00120.0 GR";"WITOR'S WITOR'S NOBIO OVE UNI MAXI OVETTI CREMA LATTE.CEREALI LATTE RIPIENI BUS 1 00120.0 GR";"GR";"120";"GR|120";0.99546123019543
"A";"128";"59536837";"2020";"5";"01020501";"01.1.8.3.0.00";"ZAINI ZAINI NOBIO OVE UNI OVETTI RUBY CREMA LATTE LATTE RIPIENI SAC 1 00128.0 GR";"ZAINI";"128GR";"Ovetti Pieni o Ripieni Latte (Ciocc. al)";"OVETTI PIENI O RIPIENI";"8004735100969";"615.74";"541";"1.14";"94";"2594.65";"1539";"1.69";"162";"-76.2688609253657";"-32.4912698043212";"  NOBIO OVE UNI OVETTI RUBY CREMA LATTE LATTE RIPIENI SAC 1 00128.0 GR";"ZAINI ZAINI NOBIO OVE UNI OVETTI RUBY CREMA LATTE LATTE RIPIENI SAC 1 00128.0 GR";"GR";"128";"GR|128";0.971375479206072
"B";"130710";"25591502";"2020";"5";"01020501";"01.1.8.3.0.00";"ZAINI ZAINI NOBIO OVE UNI STD CREMA GIANDUIA LATTE RIPIENI SAC 1 00120.0 GR";"ZAINI";"120GR";"Ovetti Pieni o Ripieni Latte (Ciocc. al)";"OVETTI PIENI O RIPIENI";"8004735092523";"16.75";"16";"1.05";"5";"62.48";"49";"1.28";"18";"-73.1914212548015";"-17.8987275928297";"  NOBIO OVE UNI STD CREMA GIANDUIA LATTE RIPIENI SAC 1 00120.0 GR";"ZAINI ZAINI NOBIO OVE UNI STD CREMA GIANDUIA LATTE RIPIENI SAC 1 00120.0 GR";"GR";"120";"GR|120";0.971375479206072
"A";"173";"42651480";"2020";"5";"01020501";"01.1.8.3.0.00";"ROVELLI ROVELLI NOBIO OVE UNI UN SACCO BUONO CREMA NOCCIOLA LATTE RIPIENI BUS 1 01000.0 GR";"ROVELLI";"1000GR";"Ovetti Pieni o Ripieni Latte (Ciocc. al)";"OVETTI PIENI O RIPIENI";"8004333012268";"133.62";"58";"2.3";"11";"502.48";"129";"3.9";"28";"-73.4078968317147";"-40.8554946774344";"  NOBIO OVE UNI UN SACCO BUONO CREMA NOCCIOLA LATTE RIPIENI BUS 1 01000.0 GR";"ROVELLI ROVELLI NOBIO OVE UNI UN SACCO BUONO CREMA NOCCIOLA LATTE RIPIENI BUS 1 01000.0 GR";"GR";"1000";"GR|1000";0.945416543023037
"B";"19499";"25544904";"2020";"5";"01020501";"01.1.8.3.0.00";"ROVELLI ROVELLI NOBIO OVE UNI PERLA BIANCA CREMA LATTE LATTE RIPIENI BUS 1 01000.0 GR";"ROVELLI";"1000GR";"Ovetti Pieni o Ripieni Latte (Ciocc. al)";"OVETTI PIENI O RIPIENI";"8004333000654";"86.77";"16";"5.42";"5";"316.93";"96";"3.3";"16";"-72.6217145741962";"64.2697125548228";"  NOBIO OVE UNI PERLA BIANCA CREMA LATTE LATTE RIPIENI BUS 1 01000.0 GR";"ROVELLI ROVELLI NOBIO OVE UNI PERLA BIANCA CREMA LATTE LATTE RIPIENI BUS 1 01000.0 GR";"GR";"1000";"GR|1000";0.945416543023037
"A";"157";"26393796";"2020";"5";"01020501";"01.1.8.3.0.00";"CONFETTI CRISPO CRISPO NOBIO OVE UNI SSC NAPOLI CREMA LATTE LATTE RIPIENI BUS 1 00150.0 GR";"CRISPO";"150GR";"Ovetti Pieni o Ripieni Latte (Ciocc. al)";"OVETTI PIENI O RIPIENI";"8005085714899";"75.54";"101";"0.75";"15";"285.93";"256";"1.12";"37";"-73.580946385479";"-33.0368542047784";"CONFETTI   NOBIO OVE UNI SSC NAPOLI CREMA LATTE LATTE RIPIENI BUS 1 00150.0 GR";"CONFETTI CRISPO CRISPO NOBIO OVE UNI SSC NAPOLI CREMA LATTE LATTE RIPIENI BUS 1 00150.0 GR";"GR";"150";"GR|150";0.875210091883135
"B";"19555";"25558689";"2020";"5";"01020501";"01.1.8.3.0.00";"CONFETTI CRISPO CRISPO NOBIO OVE UNI STD CREMA LATTE NOCCIOLE LATTE RIPIENI BUS 1 00130.0 GR";"CRISPO";"130GR";"Ovetti Pieni o Ripieni Latte (Ciocc. al)";"OVETTI PIENI O RIPIENI";"8005085713786";"477.63";"618";"0.77";"68";"1488.64";"1728";"0.86";"143";"-67.9150096732588";"-10.2866289893062";"CONFETTI   NOBIO OVE UNI STD CREMA LATTE NOCCIOLE LATTE RIPIENI BUS 1 00130.0 GR";"CONFETTI CRISPO CRISPO NOBIO OVE UNI STD CREMA LATTE NOCCIOLE LATTE RIPIENI BUS 1 00130.0 GR";"GR";"130";"GR|130";0.875210091883135
"A";"65";"22028578";"2020";"5";"01020501";"01.1.8.3.0.00";"VENEZIA DOLCERIE VENEZIANE NOBIO OVE UNI SWEET BOUQUET LATTE LATTE NON RIPIENI BOUQUET 1 00090.0 GR";"DOLCERIE VENEZIANE";"90GR";"Ovetti Pieni o Ripieni Latte (Ciocc. al)";"OVETTI PIENI O RIPIENI";"8002749561486";"689.91";"272";"2.54";"59";"16649.96";"3028";"5.5";"545";"-95.8563864417692";"-53.871831417931";"VENEZIA  NOBIO OVE UNI SWEET BOUQUET LATTE LATTE NON RIPIENI BOUQUET 1 00090.0 GR";"VENEZIA DOLCERIE VENEZIANE NOBIO OVE UNI SWEET BOUQUET LATTE LATTE NON RIPIENI BOUQUET 1 00090.0 GR";"GR";"90";"GR|90";0.731551984483799
"B";"67457";"22144059";"2020";"5";"01020501";"01.1.8.3.0.00";"VENEZIA DOLCERIE VENEZIANE NOBIO OVE UNI SWEET GARDEN CREMA NOC CER LATTE RIPIENI BOUQUET 1 00075.0 GR";"DOLCERIE VENEZIANE";"75GR";"Ovetti Pieni o Ripieni Latte (Ciocc. al)";"OVETTI PIENI O RIPIENI";"8002749560885";"49.87";"11";"4.53";"5";"1928.73";"332";"5.81";"121";"-97.4143607451535";"-21.9607061264525";"VENEZIA  NOBIO OVE UNI SWEET GARDEN CREMA NOC CER LATTE RIPIENI BOUQUET 1 00075.0 GR";"VENEZIA DOLCERIE VENEZIANE NOBIO OVE UNI SWEET GARDEN CREMA NOC CER LATTE RIPIENI BOUQUET 1 00075.0 GR";"GR";"75";"GR|75";0.731551984483799
"A";"33";"42805651";"2020";"5";"01020501";"01.1.8.3.0.00";"SORINI SORINI NOBIO OVE UNI CONIGLIETTO CREMA NOCCIOLA LATTE RIPIENI SCAT 1 00100.0 GR";"SORINI";"100GR";"Ovetti Pieni o Ripieni Latte (Ciocc. al)";"OVETTI PIENI O RIPIENI";"8006423130500";"224.45";"228";"0.98";"34";"967.38";"506";"1.91";"54";"-76.7981558436188";"-48.5081879687331";"  NOBIO OVE UNI CONIGLIETTO CREMA NOCCIOLA LATTE RIPIENI SCAT 1 00100.0 GR";"SORINI SORINI NOBIO OVE UNI CONIGLIETTO CREMA NOCCIOLA LATTE RIPIENI SCAT 1 00100.0 GR";"GR";"100";"GR|100";0.667977686506818
"B";"74808";"25588501";"2020";"5";"01020501";"01.1.8.3.0.00";"SORINI SORINI NOBIO OVE UNI STD CREMA NOC LATTE RIPIENI BUS 1 00110.0 GR";"SORINI";"110GR";"Ovetti Pieni o Ripieni Latte (Ciocc. al)";"OVETTI PIENI O RIPIENI";"8006423241251";"397.9";"626";"0.64";"84";"1959.42";"2362";"0.83";"229";"-79.6929703687826";"-23.3782683882819";"  NOBIO OVE UNI STD CREMA NOC LATTE RIPIENI BUS 1 00110.0 GR";"SORINI SORINI NOBIO OVE UNI STD CREMA NOC LATTE RIPIENI BUS 1 00110.0 GR";"GR";"110";"GR|110";0.667977686506818
"A";"24";"3743989";"2020";"5";"01020501";"01.1.8.3.0.00";"WITOR'S WITOR'S NOBIO OVE UNI MINI CREMA NOCCIOLA LATTE RIPIENI SAC 1 01000.0 GR";"WITOR'S";"1000GR";"Ovetti Pieni o Ripieni Latte (Ciocc. al)";"OVETTI PIENI O RIPIENI";"8003535007140";"4905.29";"1894";"2.59";"159";"16424.06";"4006";"4.1";"348";"-70.1335114460127";"-36.8293805980607";"  NOBIO OVE UNI MINI CREMA NOCCIOLA LATTE RIPIENI SAC 1 01000.0 GR";"WITOR'S WITOR'S NOBIO OVE UNI MINI CREMA NOCCIOLA LATTE RIPIENI SAC 1 01000.0 GR";"GR";"1000";"GR|1000";0.5507326052982
"B";"36473";"4597844";"2020";"5";"01020501";"01.1.8.3.0.00";"WITOR'S DELICIA NOBIO OVE UNI MINI NOCCIOLA LATTE RIPIENI SAC 1 01000.0 GR";"DELICIA";"1000GR";"Ovetti Pieni o Ripieni Latte (Ciocc. al)";"OVETTI PIENI O RIPIENI";"8003535011284";"253.17";"67";"3.78";"8";"430.48";"94";"4.58";"9";"-41.1889054079167";"-17.4889120648384";"WITOR'S  NOBIO OVE UNI MINI NOCCIOLA LATTE RIPIENI SAC 1 01000.0 GR";"WITOR'S DELICIA NOBIO OVE UNI MINI NOCCIOLA LATTE RIPIENI SAC 1 01000.0 GR";"GR";"1000";"GR|1000";0.5507326052982
"A";"95";"41313386";"2020";"5";"03100203";"01.1.1.6.1.02";"CASA BURATTI CASA BURATTI UOVO TAGLIATELLE LUNGA STD NOBIO 1 0400 GR SAC";"CASA BURATTI";"400GR";"Pasta Fresca non Ripiena Pasta all Uovo";"PASTA FRESCA NON RIPIENA";"8034115178073";"34.98";"31";"1.13";"8";"189.33";"96";"1.97";"34";"-81.5243226113136";"-42.7849990543904";"  UOVO TAGLIATELLE LUNGA STD NOBIO 1 0400 GR SAC";"CASA BURATTI CASA BURATTI UOVO TAGLIATELLE LUNGA STD NOBIO 1 0400 GR SAC";"GR";"400";"GR|400";1
"B";"32512";"44109920";"2020";"5";"03100203";"01.1.1.6.1.02";"CASA BURATTI CASA BURATTI UOVO PAPPARDELLE LUNGA STD NOBIO 1 0400 GR SAC";"CASA BURATTI";"400GR";"Pasta Fresca non Ripiena Pasta all Uovo";"PASTA FRESCA NON RIPIENA";"8034115178066";"31.37";"29";"1.08";"6";"18.32";"11";"1.67";"18";"71.2336244541485";"-35.0493148622195";"  UOVO PAPPARDELLE LUNGA STD NOBIO 1 0400 GR SAC";"CASA BURATTI CASA BURATTI UOVO PAPPARDELLE LUNGA STD NOBIO 1 0400 GR SAC";"GR";"400";"GR|400";1
"A";"175";"42830355";"2020";"5";"03100203";"01.1.1.6.1.02";"CASA BURATTI CASA BURATTI UOVO TAGLIOLINI LUNGA STD NOBIO 1 0400 GR SAC";"CASA BURATTI";"400GR";"Pasta Fresca non Ripiena Pasta all Uovo";"PASTA FRESCA NON RIPIENA";"8034115178110";"53.26";"47";"1.13";"13";"184.3";"95";"1.94";"32";"-71.101465002713";"-41.5880675586751";"  UOVO TAGLIOLINI LUNGA STD NOBIO 1 0400 GR SAC";"CASA BURATTI CASA BURATTI UOVO TAGLIOLINI LUNGA STD NOBIO 1 0400 GR SAC";"GR";"400";"GR|400";1
"B";"88026";"44177958";"2020";"5";"03100203";"01.1.1.6.1.02";"CASA BURATTI CASA BURATTI UOVO FETTUCCINE LUNGA STD NOBIO 1 0400 GR SAC";"CASA BURATTI";"400GR";"Pasta Fresca non Ripiena Pasta all Uovo";"PASTA FRESCA NON RIPIENA";"8034115178080";"33.32";"19";"1.75";"7";"116.29";"74";"1.57";"23";"-71.3474933356265";"11.5939733244022";"  UOVO FETTUCCINE LUNGA STD NOBIO 1 0400 GR SAC";"CASA BURATTI CASA BURATTI UOVO FETTUCCINE LUNGA STD NOBIO 1 0400 GR SAC";"GR";"400";"GR|400";1
"A";"44";"50560687";"2020";"5";"01010105";"01.1.1.4.2.00";"DOGHOUSE SAPORI SIENA SAPORI COLOMBELLE PASTIC.SENZA FARINA 06 ALTRE VARIETA' MANDORLA UNITIPO SACCHETTO 01 00127.00 GR NOBIO PORZIONATA";"SAPORI";"127GR";"Pasticceria Altra Unitipo";"PASTICCERIA";"8002590061289";"2130.69";"1722";"1.24";"131";"10679.3";"5941";"1.8";"367";"-80.048411412733";"-31.1658607450912";"DOGHOUSE  SIENA  COLOMBELLE PASTIC.SENZA FARINA 06 ALTRE VARIETA' MANDORLA UNITIPO SACCHETTO 01 00127.00 GR NOBIO PORZIONATA";"DOGHOUSE SAPORI SIENA SAPORI COLOMBELLE PASTIC.SENZA FARINA 06 ALTRE VARIETA' MANDORLA UNITIPO SACCHETTO 01 00127.00 GR NOBIO PORZIONATA";"GR";"127";"GR|127";1
"B";"94285";"51598159";"2020";"5";"01010105";"01.1.1.4.2.00";"DOGHOUSE SAPORI SIENA SAPORI COLOMBELLE PASTIC.SENZA FARINA 06 ALTRE VARIETA' MANDORLA.CACAO.FAVE CACAO GRANELLA UNITIPO SACCHETTO 01 00127.00 GR NOBIO PORZIONATA";"SAPORI";"127GR";"Pasticceria Altra Unitipo";"PASTICCERIA";"8002590061296";"2279.34";"1718";"1.33";"194";"5159.43";"3001";"1.72";"273";"-55.821864043121";"-22.8296938261969";"DOGHOUSE  SIENA  COLOMBELLE PASTIC.SENZA FARINA 06 ALTRE VARIETA' MANDORLA.CACAO.FAVE CACAO GRANELLA UNITIPO SACCHETTO 01 00127.00 GR NOBIO PORZIONATA";"DOGHOUSE SAPORI SIENA SAPORI COLOMBELLE PASTIC.SENZA FARINA 06 ALTRE VARIETA' MANDORLA.CACAO.FAVE CACAO GRANELLA UNITIPO SACCHETTO 01 00127.00 GR NOBIO PORZIONATA";"GR";"127";"GR|127";1
"A";"87";"36655282";"2020";"5";"01010102";"01.1.1.4.2.00";"SWEET BAKERY INTER. SWEET BAKERY INTER. RICOPERTI SWEET BAKERY INTER. UNITIPO PASTIC FROLLE PASQUALI 01 CIOCCOLATO PANNA VASCHETTA 01 PASTIC 00150.00 GR NOBIO NON PORZ.";"SWEET BAKERY INTER.";"150GR";"Pasticceria Ric./Gocce Ciocc/Glassa";"PASTICCERIA";"8049033615357";"123.05";"231";"0.53";"47";"455.33";"257";"1.77";"65";"-72.9756440383897";"-69.9339416357843";"  RICOPERTI  UNITIPO PASTIC FROLLE PASQUALI 01 CIOCCOLATO PANNA VASCHETTA 01 PASTIC 00150.00 GR NOBIO NON PORZ.";"SWEET BAKERY INTER. SWEET BAKERY INTER. RICOPERTI SWEET BAKERY INTER. UNITIPO PASTIC FROLLE PASQUALI 01 CIOCCOLATO PANNA VASCHETTA 01 PASTIC 00150.00 GR NOBIO NON PORZ.";"GR";"150";"GR|150";1
"B";"25281";"36616850";"2020";"5";"01010102";"01.1.1.4.2.00";"SWEET BAKERY INTER. SWEET BAKERY INTER. RICOPERTI SWEET BAKERY INTER. UNITIPO PASTIC CAMPANELLE 01 CIOCCOLATO VASCHETTA 01 PASTIC 00150.00 GR NOBIO NON PORZ.";"SWEET BAKERY INTER.";"150GR";"Pasticceria Ric./Gocce Ciocc/Glassa";"PASTICCERIA";"8049033615326";"35.66";"85";"0.42";"15";"77.35";"68";"1.14";"13";"-53.8978668390433";"-63.1182934712347";"  RICOPERTI  UNITIPO PASTIC CAMPANELLE 01 CIOCCOLATO VASCHETTA 01 PASTIC 00150.00 GR NOBIO NON PORZ.";"SWEET BAKERY INTER. SWEET BAKERY INTER. RICOPERTI SWEET BAKERY INTER. UNITIPO PASTIC CAMPANELLE 01 CIOCCOLATO VASCHETTA 01 PASTIC 00150.00 GR NOBIO NON PORZ.";"GR";"150";"GR|150";1
"A";"162";"33419442";"2020";"5";"01010103";"01.1.1.4.2.00";"COSTA GIUSEPPE COSTA GIUSEPPE RIPIENI COSTA GIUSEPPE UNITIPO PASTIC LA PASTICCERIA DAL CUORE 01 GOCCE MODICANE CREMA CIOCCOLATO MODICANO SACCHETTO 01 PASTIC 00120.00 GR NOBIO NON PORZ.";"COSTA GIUSEPPE";"120GR";"Pasticceria Ripiena";"PASTICCERIA";"8031780002344";"9.65";"15";"0.64";"4";"35.66";"27";"1.32";"13";"-72.9388670779585";"-51.2899607403253";"  RIPIENI  UNITIPO PASTIC LA PASTICCERIA DAL CUORE 01 GOCCE MODICANE CREMA CIOCCOLATO MODICANO SACCHETTO 01 PASTIC 00120.00 GR NOBIO NON PORZ.";"COSTA GIUSEPPE COSTA GIUSEPPE RIPIENI COSTA GIUSEPPE UNITIPO PASTIC LA PASTICCERIA DAL CUORE 01 GOCCE MODICANE CREMA CIOCCOLATO MODICANO SACCHETTO 01 PASTIC 00120.00 GR NOBIO NON PORZ.";"GR";"120";"GR|120";1
"B";"73372";"24735317";"2020";"5";"01010103";"01.1.1.4.2.00";"COSTA GIUSEPPE COSTA GIUSEPPE RIPIENI COSTA GIUSEPPE UNITIPO PASTIC LA PASTICCERIA DAL CUORE 01 GOCCE PISTACCHIO CREMA PISTACCHIO SACCHETTO 01 PASTIC 00120.00 GR NOBIO NON PORZ.";"COSTA GIUSEPPE";"120GR";"Pasticceria Ripiena";"PASTICCERIA";"8031780002306";"32.43";"20";"1.62";"6";"56.46";"43";"1.31";"13";"-42.5611052072264";"23.4936238044633";"  RIPIENI  UNITIPO PASTIC LA PASTICCERIA DAL CUORE 01 GOCCE PISTACCHIO CREMA PISTACCHIO SACCHETTO 01 PASTIC 00120.00 GR NOBIO NON PORZ.";"COSTA GIUSEPPE COSTA GIUSEPPE RIPIENI COSTA GIUSEPPE UNITIPO PASTIC LA PASTICCERIA DAL CUORE 01 GOCCE PISTACCHIO CREMA PISTACCHIO SACCHETTO 01 PASTIC 00120.00 GR NOBIO NON PORZ.";"GR";"120";"GR|120";1
"A";"184";"49961247";"2020";"5";"01020801";"01.1.8.3.0.00";"WAL-COR WAL-COR NOBIO PRAL L.O.L. SURPRISE! FIGURE 2D CREMA LATTE RETE 1 00045.0 GR +GADGET";"WAL-COR";"45GR";"Praline - Cioccolatini Impulso inf 70 gr";"PRALINE e CIOCCOLATINI";"8001943024223";"26.29";"25";"1.05";"13";"89.76";"58";"1.55";"91";"-70.7107843137255";"-32.0490196078431";"  NOBIO PRAL L.O.L. SURPRISE! FIGURE 2D CREMA LATTE RETE 1 00045.0 GR +GADGET";"WAL-COR WAL-COR NOBIO PRAL L.O.L. SURPRISE! FIGURE 2D CREMA LATTE RETE 1 00045.0 GR +GADGET";"GR";"45";"GR|45";0.999821892867907
"B";"141772";"42050684";"2020";"5";"01020801";"01.1.8.3.0.00";"WAL-COR WAL-COR NOBIO PRAL PJMASK FIGURE 2D CREMA LATTE RETE 1 00045.0 GR +GADGET";"WAL-COR";"45GR";"Praline - Cioccolatini Impulso inf 70 gr";"PRALINE e CIOCCOLATINI";"8001943022229";"255.43";"330";"0.77";"78";"309.41";"314";"0.99";"194";"-17.4461071070748";"-21.4487200958226";"  NOBIO PRAL PJMASK FIGURE 2D CREMA LATTE RETE 1 00045.0 GR +GADGET";"WAL-COR WAL-COR NOBIO PRAL PJMASK FIGURE 2D CREMA LATTE RETE 1 00045.0 GR +GADGET";"GR";"45";"GR|45";0.999821892867907
"A";"88";"36669724";"2020";"5";"03091301";"01.1.9.4.0.00";"SUSHI AWAY SUSHI AWAY SUSHI SPECIAL BOX SUSHI DELUXE 1 INSALATE 00290 GR NOBIO";"SUSHI AWAY";"290GR";"Secondi Piatti Base Pesce - Sushi";"SECONDI PIATTI BASE PESCE";"8033726441798";"120.53";"20";"6.03";"13";"4346.12";"487";"8.92";"86";"-97.2267217656208";"-32.4706749928672";"  SUSHI SPECIAL BOX SUSHI DELUXE 1 INSALATE 00290 GR NOBIO";"SUSHI AWAY SUSHI AWAY SUSHI SPECIAL BOX SUSHI DELUXE 1 INSALATE 00290 GR NOBIO";"GR";"290";"GR|290";0.999999999999753
"B";"80629";"36663963";"2020";"5";"03091301";"01.1.9.4.0.00";"SUSHI AWAY SUSHI AWAY SUSHI CLASSIC SUSHI DELUXE 1 INSALATE 00230 GR NOBIO";"SUSHI AWAY";"230GR";"Secondi Piatti Base Pesce - Sushi";"SECONDI PIATTI BASE PESCE";"8033726440814";"64.98";"10";"6.5";"2";"3999.76";"624";"6.41";"51";"-98.3754025241515";"1.37488249294958";"  SUSHI CLASSIC SUSHI DELUXE 1 INSALATE 00230 GR NOBIO";"SUSHI AWAY SUSHI AWAY SUSHI CLASSIC SUSHI DELUXE 1 INSALATE 00230 GR NOBIO";"GR";"230";"GR|230";0.999999999999753
"A";"11";"24738773";"2020";"5";"03090801";"01.1.9.4.0.00";"PARMACOTTO PARMACOTTO TONNO/POMODORO 1 02 TRAMEZZ 140 GR NOBIO";"PARMACOTTO";"140GR";"Snacks Salati Tramezzini / Toast";"SNACKS SALATI";"8008835001683";"267.74";"189";"1.42";"21";"2026.59";"991";"2.04";"78";"-86.7886449651878";"-30.7277627539743";"  TONNO/POMODORO 1 02 TRAMEZZ 140 GR NOBIO";"PARMACOTTO PARMACOTTO TONNO/POMODORO 1 02 TRAMEZZ 140 GR NOBIO";"GR";"140";"GR|140";0.999999987417254
"B";"73389";"24738770";"2020";"5";"03090801";"01.1.9.4.0.00";"PARMACOTTO PARMACOTTO P.COTTO/MOZZ 1 02 TRAMEZZ 140 GR NOBIO";"PARMACOTTO";"140GR";"Snacks Salati Tramezzini / Toast";"SNACKS SALATI";"8008835001676";"6288.39";"2192";"2.87";"81";"2782.79";"971";"2.87";"77";"125.974291987538";"0.100838284625499";"  P.COTTO/MOZZ 1 02 TRAMEZZ 140 GR NOBIO";"PARMACOTTO PARMACOTTO P.COTTO/MOZZ 1 02 TRAMEZZ 140 GR NOBIO";"GR";"140";"GR|140";0.999999987417254
"A";"19";"33796102";"2020";"5";"01180702";"01.1.4.6.0.00";"DOGHOUSE RISO SCOTTI CHICCOLAT BIO SENZA GLUTINE UHT RISO CALCIO BRICK 01 1000.0 BEV.SOIA ML";"CHICCOLAT";"1000ML";"Sostitutivi del Latte Uht Riso";"SOSTITUTIVI del LATTE UHT";"8001860250163";"16.33";"19";"0.86";"4";"182.42";"110";"1.66";"84";"-91.0481306874246";"-48.1733881903531";"DOGHOUSE RISO SCOTTI  BIO SENZA GLUTINE UHT RISO CALCIO BRICK 01 1000.0 BEV.SOIA ML";"DOGHOUSE RISO SCOTTI CHICCOLAT BIO SENZA GLUTINE UHT RISO CALCIO BRICK 01 1000.0 BEV.SOIA ML";"ML";"1000";"ML|1000";0.999905862423973
"B";"134950";"33796151";"2020";"5";"01180702";"01.1.4.6.0.00";"DOGHOUSE RISO SCOTTI CHICCOLAT BIO SENZA GLUTINE UHT RISO INTEGRALE BRICK 01 1000.0 BEV.SOIA ML";"CHICCOLAT";"1000ML";"Sostitutivi del Latte Uht Riso";"SOSTITUTIVI del LATTE UHT";"8001860250200";"4754.02";"1995";"2.38";"371";"3822.75";"1558";"2.45";"590";"24.3612582564907";"-2.87977926635961";"DOGHOUSE RISO SCOTTI  BIO SENZA GLUTINE UHT RISO INTEGRALE BRICK 01 1000.0 BEV.SOIA ML";"DOGHOUSE RISO SCOTTI CHICCOLAT BIO SENZA GLUTINE UHT RISO INTEGRALE BRICK 01 1000.0 BEV.SOIA ML";"ML";"1000";"ML|1000";0.999905862423973
"A";"60";"12672271";"2020";"5";"01090101";"01.1.9.1.0.00";"BARILLA BARILLA NOBIO BASILICO STD SUGHI SUGO UHT SING VASO 1 00500 GR";"BARILLA";"500GR";"Sughi Pronti Base Pomod (Olio)";"SUGHI PRONTI E BASI";"8076809541466";"14.4";"18";"0.8";"2";"797.47";"633";"1.26";"77";"-98.1942894403551";"-36.4991786524885";"  NOBIO BASILICO STD SUGHI SUGO UHT SING VASO 1 00500 GR";"BARILLA BARILLA NOBIO BASILICO STD SUGHI SUGO UHT SING VASO 1 00500 GR";"GR";"500";"GR|500";0.999999999920199
"B";"5268";"13230458";"2020";"5";"01090101";"01.1.9.1.0.00";"BARILLA BARILLA NOBIO POMODORO STD SUGHI SUGO UHT SING VASO 1 00500 GR";"BARILLA";"500GR";"Sughi Pronti Base Pomod (Olio)";"SUGHI PRONTI E BASI";"8076809541473";"26.46";"31";"0.85";"6";"5194.35";"4999";"1.04";"77";"-99.4906003638569";"-17.8552006103406";"  NOBIO POMODORO STD SUGHI SUGO UHT SING VASO 1 00500 GR";"BARILLA BARILLA NOBIO POMODORO STD SUGHI SUGO UHT SING VASO 1 00500 GR";"GR";"500";"GR|500";0.999999999920199
"A";"107";"42622211";"2020";"5";"03091103";"01.1.9.1.0.00";"PERLA RAPALLO STD STD GENOVESE FRESCO VASC CON AGLIO 1 00100 GR NOBIO";"RAPALLO";"100GR";"Sughi Pronti Freschi Pesto";"SUGHI PRONTI FRESCHI";"8000538000369";"50.93";"53";"0.96";"5";"276";"177";"1.56";"19";"-81.5471014492754";"-38.3742821985234";"PERLA  STD STD GENOVESE FRESCO VASC CON AGLIO 1 00100 GR NOBIO";"PERLA RAPALLO STD STD GENOVESE FRESCO VASC CON AGLIO 1 00100 GR NOBIO";"GR";"100";"GR|100";0.999999999619144
"B";"86921";"42622066";"2020";"5";"03091103";"01.1.9.1.0.00";"PERLA RAPALLO SENZA AGLIO STD GENOVESE FRESCO VASO SENZA AGLIO 1 00100 GR NOBIO";"RAPALLO";"100GR";"Sughi Pronti Freschi Pesto";"SUGHI PRONTI FRESCHI";"8000538000352";"87.9";"79";"1.11";"5";"224.98";"139";"1.62";"14";"-60.9298604320384";"-31.2563367095359";"PERLA  SENZA AGLIO STD GENOVESE FRESCO VASO SENZA AGLIO 1 00100 GR NOBIO";"PERLA RAPALLO SENZA AGLIO STD GENOVESE FRESCO VASO SENZA AGLIO 1 00100 GR NOBIO";"GR";"100";"GR|100";0.999999999619144
"A";"42";"49901635";"2020";"5";"04020201";"01.1.9.4.0.00";"CAMEO RISTORANTE STD 01 PIZZA FUNGHI NOBIO 1 0365 SURGELATI ALTERN. GR FACE19";"RISTORANTE";"365GR";"Surg Pizzeria - Pizza Classica";"SURG PIZZERIA";"8003000562839";"27.12";"13";"2.09";"1";"354.57";"117";"3.03";"15";"-92.35129875624";"-31.1616888061596";"CAMEO  STD 01 PIZZA FUNGHI NOBIO 1 0365 SURGELATI ALTERN. GR FACE19";"CAMEO RISTORANTE STD 01 PIZZA FUNGHI NOBIO 1 0365 SURGELATI ALTERN. GR FACE19";"GR";"365";"GR|365";0.999999975248189
"B";"108345";"8590928";"2020";"5";"04020201";"01.1.9.4.0.00";"CAMEO RISTORANTE STD 01 PIZZA FUNGHI NOBIO 1 0365 SURGELATI ALTERN. GR";"RISTORANTE";"365GR";"Surg Pizzeria - Pizza Classica";"SURG PIZZERIA";"8003000560804";"89.47";"40";"2.24";"6";"90.75";"33";"2.75";"9";"-1.41046831955923";"-18.6636363636364";"CAMEO  STD 01 PIZZA FUNGHI NOBIO 1 0365 SURGELATI ALTERN. GR";"CAMEO RISTORANTE STD 01 PIZZA FUNGHI NOBIO 1 0365 SURGELATI ALTERN. GR";"GR";"365";"GR|365";0.999999975248189
"A";"92";"37890229";"2020";"5";"04020201";"01.1.9.4.0.00";"CAMEO RISTORANTE STD 01 PIZZA 4 FORMAGGI NOBIO 1 0340 SURGELATI ALTERN. GR FACE17";"RISTORANTE";"340GR";"Surg Pizzeria - Pizza Classica";"SURG PIZZERIA";"8003000562631";"22.62";"11";"2.06";"1";"466.69";"157";"2.97";"17";"-95.1530994878828";"-30.8215108725083";"CAMEO  STD 01 PIZZA 4 FORMAGGI NOBIO 1 0340 SURGELATI ALTERN. GR FACE17";"CAMEO RISTORANTE STD 01 PIZZA 4 FORMAGGI NOBIO 1 0340 SURGELATI ALTERN. GR FACE17";"GR";"340";"GR|340";0.999999850231433
"B";"41506";"5453495";"2020";"5";"04020201";"01.1.9.4.0.00";"CAMEO RISTORANTE STD 01 PIZZA 4 FORMAGGI NOBIO 1 0340 SURGELATI ALTERN. GR";"RISTORANTE";"340GR";"Surg Pizzeria - Pizza Classica";"SURG PIZZERIA";"8003000560101";"134.42";"58";"2.32";"6";"110.46";"42";"2.63";"12";"21.6911099040377";"-11.8788514488003";"CAMEO  STD 01 PIZZA 4 FORMAGGI NOBIO 1 0340 SURGELATI ALTERN. GR";"CAMEO RISTORANTE STD 01 PIZZA 4 FORMAGGI NOBIO 1 0340 SURGELATI ALTERN. GR";"GR";"340";"GR|340";0.999999850231433
"A";"26";"38006855";"2020";"5";"04020201";"01.1.9.4.0.00";"CAMEO RISTORANTE STD 01 PIZZA MARGHERITA NOBIO 1 0330 SURGELATI ALTERN. GR FACE17";"RISTORANTE";"330GR";"Surg Pizzeria - Pizza Classica";"SURG PIZZERIA";"8003000563539";"20.2";"10";"2.02";"1";"425.6";"143";"2.98";"17";"-95.2537593984962";"-32.1287593984962";"CAMEO  STD 01 PIZZA MARGHERITA NOBIO 1 0330 SURGELATI ALTERN. GR FACE17";"CAMEO RISTORANTE STD 01 PIZZA MARGHERITA NOBIO 1 0330 SURGELATI ALTERN. GR FACE17";"GR";"330";"GR|330";0.999988146865183
"B";"133504";"33052529";"2020";"5";"04020201";"01.1.9.4.0.00";"CAMEO RISTORANTE STD 01 PIZZA MARGHERITA NOBIO 1 0330 SURGELATI ALTERN. GR FACE16";"RISTORANTE";"330GR";"Surg Pizzeria - Pizza Classica";"SURG PIZZERIA";"8003000563508";"177490.49";"77117";"2.3";"1686";"154857.67";"62458";"2.48";"2241";"14.6152399167571";"-7.17171758858857";"CAMEO  STD 01 PIZZA MARGHERITA NOBIO 1 0330 SURGELATI ALTERN. GR FACE16";"CAMEO RISTORANTE STD 01 PIZZA MARGHERITA NOBIO 1 0330 SURGELATI ALTERN. GR FACE16";"GR";"330";"GR|330";0.999988146865183
"A";"5";"12264675";"2020";"5";"04021107";"01.1.7.2.0.00";"EST MAGE ZUCCHINE FETTE STD 1 0450 GR NOBIO";"MAGE";"450GR";"Surg Vegetali Naturali/Frutta - Altri Vegetali Naturali";"SURG VEGETALI NATURALI/FRUTTA";"8011386824366";"38.17";"23";"1.66";"1";"612.56";"209";"2.93";"21";"-93.7687736711506";"-43.3771172726292";"EST  ZUCCHINE FETTE STD 1 0450 GR NOBIO";"EST MAGE ZUCCHINE FETTE STD 1 0450 GR NOBIO";"GR";"450";"GR|450";1
"B";"117640";"14657979";"2020";"5";"04021107";"01.1.7.2.0.00";"EST MAGE FAGIOLI BORLOTTI STD 1 0450 GR NOBIO";"MAGE";"450GR";"Surg Vegetali Naturali/Frutta - Altri Vegetali Naturali";"SURG VEGETALI NATURALI/FRUTTA";"8011386824199";"30.52";"24";"1.27";"5";"52.97";"39";"1.36";"10";"-42.3824806494242";"-6.37153105531433";"EST  FAGIOLI BORLOTTI STD 1 0450 GR NOBIO";"EST MAGE FAGIOLI BORLOTTI STD 1 0450 GR NOBIO";"GR";"450";"GR|450";1
"A";"28";"41197435";"2020";"5";"01010503";"01.1.1.4.2.00";"PALUANI NOBIO PALUANI RAMO GOLOSO FARC AST CREMA LIMONE 1 0400 GR TORTERICORRENZA S/OLIO DI PALMA";"PALUANI";"400GR";"Torte Pronte Altre";"TORTE PRONTE";"8002540001792";"70.47";"71";"0.99";"5";"783.65";"479";"1.64";"168";"-91.0074650673132";"-39.332053059761";" NOBIO  RAMO GOLOSO FARC AST CREMA LIMONE 1 0400 GR TORTERICORRENZA S/OLIO DI PALMA";"PALUANI NOBIO PALUANI RAMO GOLOSO FARC AST CREMA LIMONE 1 0400 GR TORTERICORRENZA S/OLIO DI PALMA";"GR";"400";"GR|400";1
"B";"84154";"41195893";"2020";"5";"01010503";"01.1.1.4.2.00";"PALUANI NOBIO PALUANI RAMO GOLOSO FARC AST CREMA CIOCC.FONDENTE 1 0400 GR TORTERICORRENZA S/OLIO DI PALMA";"PALUANI";"400GR";"Torte Pronte Altre";"TORTE PRONTE";"8002540001785";"764.72";"543";"1.41";"67";"7245.05";"3835";"1.89";"406";"-89.4449313669333";"-25.4536128769598";" NOBIO  RAMO GOLOSO FARC AST CREMA CIOCC.FONDENTE 1 0400 GR TORTERICORRENZA S/OLIO DI PALMA";"PALUANI NOBIO PALUANI RAMO GOLOSO FARC AST CREMA CIOCC.FONDENTE 1 0400 GR TORTERICORRENZA S/OLIO DI PALMA";"GR";"400";"GR|400";1
"A";"72";"23913864";"2020";"5";"01010503";"01.1.1.4.2.00";"S.ANGELO S.ANGELO NOBIO TONDA SEMPLICE PIZZA DOLCE CLASS TORTA 1 00600 TORTE.PRONTE GR";"S.ANGELO";"600GR";"Torte Pronte Altre";"TORTE PRONTE";"8003896011077";"244.54";"179";"1.37";"10";"2194.53";"942";"2.33";"34";"-88.8568395054978";"-41.3583397440161";"  NOBIO TONDA SEMPLICE PIZZA DOLCE CLASS TORTA 1 00600 TORTE.PRONTE GR";"S.ANGELO S.ANGELO NOBIO TONDA SEMPLICE PIZZA DOLCE CLASS TORTA 1 00600 TORTE.PRONTE GR";"GR";"600";"GR|600";1
"B";"54046";"9114735";"2020";"5";"01010503";"01.1.1.4.2.00";"S.ANGELO S.ANGELO NOBIO TONDA SEMPLICE PIZZA DOLCE CLASS TORTA 1 00500 TORTE.PRONTE GR";"S.ANGELO";"500GR";"Torte Pronte Altre";"TORTE PRONTE";"8003896000934";"75.07";"25";"3";"10";"984.07";"249";"3.95";"29";"-92.3714776387859";"-24.0199172823072";"  NOBIO TONDA SEMPLICE PIZZA DOLCE CLASS TORTA 1 00500 TORTE.PRONTE GR";"S.ANGELO S.ANGELO NOBIO TONDA SEMPLICE PIZZA DOLCE CLASS TORTA 1 00500 TORTE.PRONTE GR";"GR";"500";"GR|500";1
"A";"84";"36489607";"2020";"5";"01010503";"01.1.1.4.2.00";"DAL COLLE NOBIO DAL COLLE MINI RAMETTO FARC AST CREMA CIOCCOLATO 1 0300 GR TORTERICORRENZA FACE17";"DAL COLLE";"300GR";"Torte Pronte Altre";"TORTE PRONTE";"8004970140942";"536.18";"442";"1.21";"25";"2803.06";"1586";"1.77";"81";"-80.8716188736595";"-31.3628677231311";" NOBIO  MINI RAMETTO FARC AST CREMA CIOCCOLATO 1 0300 GR TORTERICORRENZA FACE17";"DAL COLLE NOBIO DAL COLLE MINI RAMETTO FARC AST CREMA CIOCCOLATO 1 0300 GR TORTERICORRENZA FACE17";"GR";"300";"GR|300";1
"B";"80045";"35059027";"2020";"5";"01010503";"01.1.1.4.2.00";"DAL COLLE NOBIO DAL COLLE MINI RAMETTO FARC AST CREMA MIRTILLI 1 0300 GR TORTERICORRENZA";"DAL COLLE";"300GR";"Torte Pronte Altre";"TORTE PRONTE";"8004970140928";"176.6";"137";"1.29";"21";"1218.73";"731";"1.67";"68";"-85.5095057970182";"-22.6821075738709";" NOBIO  MINI RAMETTO FARC AST CREMA MIRTILLI 1 0300 GR TORTERICORRENZA";"DAL COLLE NOBIO DAL COLLE MINI RAMETTO FARC AST CREMA MIRTILLI 1 0300 GR TORTERICORRENZA";"GR";"300";"GR|300";1
"A";"90";"3715013";"2020";"5";"01010503";"01.1.1.4.2.00";"INDUSTRIA DOLCIARIA BORSARI NOBIO BORSARI ANATRA ALL'ARANCIA FARC AST ARANCIA 1 0750 GR TORTERICORRENZA FACE03";"BORSARI";"750GR";"Torte Pronte Altre";"TORTE PRONTE";"8003781375093";"115.39";"43";"2.68";"15";"913.84";"154";"5.93";"87";"-87.3730631182702";"-54.7779469817117";"INDUSTRIA DOLCIARIA  NOBIO  ANATRA ALL'ARANCIA FARC AST ARANCIA 1 0750 GR TORTERICORRENZA FACE03";"INDUSTRIA DOLCIARIA BORSARI NOBIO BORSARI ANATRA ALL'ARANCIA FARC AST ARANCIA 1 0750 GR TORTERICORRENZA FACE03";"GR";"750";"GR|750";1
"B";"109132";"8969735";"2020";"5";"01010503";"01.1.1.4.2.00";"INDUSTRIA DOLCIARIA BORSARI NOBIO BORSARI ANATRA ALL'ARANCIA FARC AST ARANCIA 1 0750 GR TORTERICORRENZA FACE07";"BORSARI";"750GR";"Torte Pronte Altre";"TORTE PRONTE";"8003781371279";"1682.72";"268";"6.28";"65";"4839.33";"542";"8.93";"154";"-65.2282444057338";"-29.6780166712976";"INDUSTRIA DOLCIARIA  NOBIO  ANATRA ALL'ARANCIA FARC AST ARANCIA 1 0750 GR TORTERICORRENZA FACE07";"INDUSTRIA DOLCIARIA BORSARI NOBIO BORSARI ANATRA ALL'ARANCIA FARC AST ARANCIA 1 0750 GR TORTERICORRENZA FACE07";"GR";"750";"GR|750";1
"A";"155";"25234494";"2020";"5";"01010503";"01.1.1.4.2.00";"MAINA NOBIO MAINA ARIA DI PRIM. TORTA CIOCC. FARC AST CIOCCOLATO 1 0400 GR TORTERICORRENZA";"MAINA";"400GR";"Torte Pronte Altre";"TORTE PRONTE";"8005190405095";"557.68";"469";"1.19";"35";"4330.38";"2531";"1.71";"180";"-87.1216844711088";"-30.5010306958983";" NOBIO  ARIA DI PRIM. TORTA CIOCC. FARC AST CIOCCOLATO 1 0400 GR TORTERICORRENZA";"MAINA NOBIO MAINA ARIA DI PRIM. TORTA CIOCC. FARC AST CIOCCOLATO 1 0400 GR TORTERICORRENZA";"GR";"400";"GR|400";1
"B";"19460";"25538766";"2020";"5";"01010503";"01.1.1.4.2.00";"MAINA NOBIO MAINA ARIA DI PRIM. TORTA BAVARESE FARC AST CIOCCOLATO 1 0400 GR TORTERICORRENZA";"MAINA";"400GR";"Torte Pronte Altre";"TORTE PRONTE";"8005190405101";"1112.69";"1000";"1.11";"80";"6595.31";"4308";"1.53";"337";"-83.1290720223917";"-27.3200422724633";" NOBIO  ARIA DI PRIM. TORTA BAVARESE FARC AST CIOCCOLATO 1 0400 GR TORTERICORRENZA";"MAINA NOBIO MAINA ARIA DI PRIM. TORTA BAVARESE FARC AST CIOCCOLATO 1 0400 GR TORTERICORRENZA";"GR";"400";"GR|400";1
"A";"160";"33134052";"2020";"5";"01010503";"01.1.1.4.2.00";"MELEGATTI NOBIO MELEGATTI LA CHOCOLAT FARC AST CIOCCOLATO 1 0400 GR TORTERICORRENZA FACE16";"MELEGATTI";"400GR";"Torte Pronte Altre";"TORTE PRONTE";"8002630010598";"238.48";"270";"0.88";"20";"5021.28";"3488";"1.44";"276";"-95.2506133894147";"-38.6449611195493";" NOBIO  LA CHOCOLAT FARC AST CIOCCOLATO 1 0400 GR TORTERICORRENZA FACE16";"MELEGATTI NOBIO MELEGATTI LA CHOCOLAT FARC AST CIOCCOLATO 1 0400 GR TORTERICORRENZA FACE16";"GR";"400";"GR|400";0.999999999998879
"B";"22842";"33219189";"2020";"5";"01010503";"01.1.1.4.2.00";"MELEGATTI NOBIO MELEGATTI LA DELIZIA FARC AST CREMA LIMONE 1 0400 GR TORTERICORRENZA";"MELEGATTI";"400GR";"Torte Pronte Altre";"TORTE PRONTE";"8002630010604";"404.56";"407";"0.99";"43";"6395.43";"4795";"1.33";"279";"-93.6742330070066";"-25.4740719130135";" NOBIO  LA DELIZIA FARC AST CREMA LIMONE 1 0400 GR TORTERICORRENZA";"MELEGATTI NOBIO MELEGATTI LA DELIZIA FARC AST CREMA LIMONE 1 0400 GR TORTERICORRENZA";"GR";"400";"GR|400";0.999999999998879
"A";"134";"10860837";"2020";"5";"01010503";"01.1.1.4.2.00";"DAL COLLE NOBIO DAL COLLE RAMO DI PRIMAVERA FARC AST CACAO CR.CACAO 1 0750 GR TORTERICORRENZA";"DAL COLLE";"750GR";"Torte Pronte Altre";"TORTE PRONTE";"8004970122306";"1594.05";"911";"1.75";"67";"11073.45";"3421";"3.24";"227";"-85.6047573249529";"-45.9427824463929";" NOBIO  RAMO DI PRIMAVERA FARC AST CACAO CR.CACAO 1 0750 GR TORTERICORRENZA";"DAL COLLE NOBIO DAL COLLE RAMO DI PRIMAVERA FARC AST CACAO CR.CACAO 1 0750 GR TORTERICORRENZA";"GR";"750";"GR|750";0.99999999999803
"B";"117184";"14176321";"2020";"5";"01010503";"01.1.1.4.2.00";"DAL COLLE NOBIO DAL COLLE RAMO DI MANDORLO FARC AST CREMA LATTE MANDORLE 1 0750 GR TORTERICORRENZA";"DAL COLLE";"750GR";"Torte Pronte Altre";"TORTE PRONTE";"8004970129787";"175.44";"87";"2.02";"8";"335.37";"94";"3.57";"10";"-47.6876285893193";"-43.4785872114484";" NOBIO  RAMO DI MANDORLO FARC AST CREMA LATTE MANDORLE 1 0750 GR TORTERICORRENZA";"DAL COLLE NOBIO DAL COLLE RAMO DI MANDORLO FARC AST CREMA LATTE MANDORLE 1 0750 GR TORTERICORRENZA";"GR";"750";"GR|750";0.99999999999803
"A";"196";"57441915";"2020";"5";"01010503";"01.1.1.4.2.00";"DAL COLLE NOBIO DAL COLLE OSTRICA LIMONCETTA DI SORRENTO FARC AST CREMA LIMONCELLO 1 0400 GR TORTERICORRENZA";"DAL COLLE";"400GR";"Torte Pronte Altre";"TORTE PRONTE";"8004970143998";"79.22";"60";"1.32";"16";"774.91";"372";"2.08";"120";"-89.7768773147849";"-36.6166393516666";" NOBIO  OSTRICA LIMONCETTA DI SORRENTO FARC AST CREMA LIMONCELLO 1 0400 GR TORTERICORRENZA";"DAL COLLE NOBIO DAL COLLE OSTRICA LIMONCETTA DI SORRENTO FARC AST CREMA LIMONCELLO 1 0400 GR TORTERICORRENZA";"GR";"400";"GR|400";0.999999999602306
"B";"100906";"58131481";"2020";"5";"01010503";"01.1.1.4.2.00";"DAL COLLE NOBIO DAL COLLE OSTRICA & CHAMPAGNE FARC AST CREMA CHAMPAGNE 1 0400 GR TORTERICORRENZA";"DAL COLLE";"400GR";"Torte Pronte Altre";"TORTE PRONTE";"8004970143950";"126.13";"75";"1.68";"22";"888.29";"422";"2.1";"90";"-85.8008082945885";"-20.1058813375512";" NOBIO  OSTRICA & CHAMPAGNE FARC AST CREMA CHAMPAGNE 1 0400 GR TORTERICORRENZA";"DAL COLLE NOBIO DAL COLLE OSTRICA & CHAMPAGNE FARC AST CREMA CHAMPAGNE 1 0400 GR TORTERICORRENZA";"GR";"400";"GR|400";0.999999999602306
"A";"182";"49733832";"2020";"5";"01010503";"01.1.1.4.2.00";"BALOCCO NOBIO BALOCCO DOLCE SOGNO FARC/RICOP AST CREMA COCCO.CIOCCOLATO LATTE 1 0650 GR TORTERICORRENZA";"BALOCCO";"650GR";"Torte Pronte Altre";"TORTE PRONTE";"8001100069531";"1609.62";"878";"1.83";"78";"11286.05";"4002";"2.82";"303";"-85.7379685541";"-34.9924261429477";" NOBIO  DOLCE SOGNO FARC/RICOP AST CREMA COCCO.CIOCCOLATO LATTE 1 0650 GR TORTERICORRENZA";"BALOCCO NOBIO BALOCCO DOLCE SOGNO FARC/RICOP AST CREMA COCCO.CIOCCOLATO LATTE 1 0650 GR TORTERICORRENZA";"GR";"650";"GR|650";0.999999993455197
"B";"101863";"58544224";"2020";"5";"01010503";"01.1.1.4.2.00";"BALOCCO NOBIO BALOCCO DOLCE SOGNO AGRUMI E ZENZERO FARC AST CR.MANDARINO.ZENZERO.CIOCC.LATT.FOND. 1 0650 GR TORTERICORRENZA";"BALOCCO";"650GR";"Torte Pronte Altre";"TORTE PRONTE";"8001100070360";"282.86";"153";"1.85";"24";"8336.91";"3379";"2.47";"263";"-96.6071362171356";"-25.0687142333412";" NOBIO  DOLCE SOGNO AGRUMI E ZENZERO FARC AST CR.MANDARINO.ZENZERO.CIOCC.LATT.FOND. 1 0650 GR TORTERICORRENZA";"BALOCCO NOBIO BALOCCO DOLCE SOGNO AGRUMI E ZENZERO FARC AST CR.MANDARINO.ZENZERO.CIOCC.LATT.FOND. 1 0650 GR TORTERICORRENZA";"GR";"650";"GR|650";0.999999993455197
"A";"86";"36610840";"2020";"5";"01010503";"01.1.1.4.2.00";"CORSINI BISC NOBIO CORSINI BISC SCHIACCIATA CELL CLASSICO 1 0450 GR TORTERICORRENZA FACE17";"CORSINI BISC";"450GR";"Torte Pronte Altre";"TORTE PRONTE";"8001667001647";"42.27";"12";"3.52";"3";"533.21";"93";"5.73";"8";"-92.0725417752855";"-38.5621987584629";" NOBIO  SCHIACCIATA CELL CLASSICO 1 0450 GR TORTERICORRENZA FACE17";"CORSINI BISC NOBIO CORSINI BISC SCHIACCIATA CELL CLASSICO 1 0450 GR TORTERICORRENZA FACE17";"GR";"450";"GR|450";0.999999992211527
"B";"155885";"5728144";"2020";"5";"01010503";"01.1.1.4.2.00";"CORSINI BISC CORSINI BISC NOBIO TONDA SEMPLICE STD CLASS SCHIACCIATA 1 00450 TORTE.PRONTE GR NEWFACE";"CORSINI BISC";"450GR";"Torte Pronte Altre";"TORTE PRONTE";"8001667001883";"1088.03";"360";"3.02";"21";"18679.78";"4484";"4.17";"69";"-94.1753596669768";"-27.4508687409";"  NOBIO TONDA SEMPLICE STD CLASS SCHIACCIATA 1 00450 TORTE.PRONTE GR NEWFACE";"CORSINI BISC CORSINI BISC NOBIO TONDA SEMPLICE STD CLASS SCHIACCIATA 1 00450 TORTE.PRONTE GR NEWFACE";"GR";"450";"GR|450";0.999999992211527
"A";"102";"42551381";"2020";"5";"01010503";"01.1.1.4.2.00";"MASONI NOBIO MASONI ANTICA SIENA ALTRE FORME SEMPLICE PANDESANTI CLASS 1 00500 GR TORTE.PRONTE";"MASONI";"500GR";"Torte Pronte Altre";"TORTE PRONTE";"8010826005853";"312.05";"157";"1.99";"15";"3436.5";"1156";"2.97";"25";"-90.9195402298851";"-33.1400541767333";" NOBIO  ANTICA SIENA ALTRE FORME SEMPLICE PANDESANTI CLASS 1 00500 GR TORTE.PRONTE";"MASONI NOBIO MASONI ANTICA SIENA ALTRE FORME SEMPLICE PANDESANTI CLASS 1 00500 GR TORTE.PRONTE";"GR";"500";"GR|500";0.999999991767004
"B";"87176";"4270287";"2020";"5";"01010503";"01.1.1.4.2.00";"MASONI MASONI NOBIO TONDA SEMPLICE STD CLASS SCHIACCIATA 1 00500 TORTE.PRONTE GR";"MASONI";"500GR";"Torte Pronte Altre";"TORTE PRONTE";"8006548000184";"162.97";"33";"4.94";"1";"5528.13";"1095";"5.05";"16";"-97.0519868382256";"-2.17956326839439";"  NOBIO TONDA SEMPLICE STD CLASS SCHIACCIATA 1 00500 TORTE.PRONTE GR";"MASONI MASONI NOBIO TONDA SEMPLICE STD CLASS SCHIACCIATA 1 00500 TORTE.PRONTE GR";"GR";"500";"GR|500";0.999999991767004
"A";"45";"51586495";"2020";"5";"01010503";"01.1.1.4.2.00";"MAINA NOBIO MAINA SENZA LATTOSIO FARC/RICOP AST CREMA CIOCCOLATO 1 0400 GR TORTERICORRENZA S/OLIO DI PALMA S/LATTOSIO";"MAINA";"400GR";"Torte Pronte Altre";"TORTE PRONTE";"8005190404777";"235.58";"210";"1.12";"26";"1222.62";"532";"2.3";"120";"-80.7315437339484";"-51.186577459336";" NOBIO  SENZA LATTOSIO FARC/RICOP AST CREMA CIOCCOLATO 1 0400 GR TORTERICORRENZA S/OLIO DI PALMA S/LATTOSIO";"MAINA NOBIO MAINA SENZA LATTOSIO FARC/RICOP AST CREMA CIOCCOLATO 1 0400 GR TORTERICORRENZA S/OLIO DI PALMA S/LATTOSIO";"GR";"400";"GR|400";0.999988406221532
"B";"19327";"25234476";"2020";"5";"01010503";"01.1.1.4.2.00";"MAINA NOBIO MAINA ARIA DI PRIM. TORTA LIMONE FARC AST CREMA LIMONE 1 0400 GR TORTERICORRENZA";"MAINA";"400GR";"Torte Pronte Altre";"TORTE PRONTE";"8005190405088";"785.4";"614";"1.28";"46";"4954.66";"3228";"1.53";"324";"-84.1482563889349";"-16.6621687678856";" NOBIO  ARIA DI PRIM. TORTA LIMONE FARC AST CREMA LIMONE 1 0400 GR TORTERICORRENZA";"MAINA NOBIO MAINA ARIA DI PRIM. TORTA LIMONE FARC AST CREMA LIMONE 1 0400 GR TORTERICORRENZA";"GR";"400";"GR|400";0.999988406221532
"A";"169";"42330648";"2020";"5";"01010503";"01.1.1.4.2.00";"MAINA NOBIO MAINA DOLCEUOVO AL CIOCCOLATO FARC/RICOP AST CR.CIOCCOLATO.CROCC.GLAS.CIOCC.FONDENTE 1 0600 GR TORTERICORRENZA";"MAINA";"600GR";"Torte Pronte Altre";"TORTE PRONTE";"8005190409666";"81.8";"62";"1.32";"2";"524.28";"200";"2.62";"7";"-84.3976501106279";"-49.6698390665416";" NOBIO  DOLCEUOVO AL CIOCCOLATO FARC/RICOP AST CR.CIOCCOLATO.CROCC.GLAS.CIOCC.FONDENTE 1 0600 GR TORTERICORRENZA";"MAINA NOBIO MAINA DOLCEUOVO AL CIOCCOLATO FARC/RICOP AST CR.CIOCCOLATO.CROCC.GLAS.CIOCC.FONDENTE 1 0600 GR TORTERICORRENZA";"GR";"600";"GR|600";0.999954114488691
"B";"86504";"42330562";"2020";"5";"01010503";"01.1.1.4.2.00";"MAINA NOBIO MAINA CARAMELLO E CIOCCOLATO FARC AST CR.CARAM.CIOCC.FONDENTE.CROCC.CER.CARAMELLO 1 0650 GR TORTERICORRENZA";"MAINA";"650GR";"Torte Pronte Altre";"TORTE PRONTE";"8005190409642";"57.7";"29";"1.99";"3";"1620";"649";"2.5";"51";"-96.4382716049383";"-20.2909748829289";" NOBIO  CARAMELLO E CIOCCOLATO FARC AST CR.CARAM.CIOCC.FONDENTE.CROCC.CER.CARAMELLO 1 0650 GR TORTERICORRENZA";"MAINA NOBIO MAINA CARAMELLO E CIOCCOLATO FARC AST CR.CARAM.CIOCC.FONDENTE.CROCC.CER.CARAMELLO 1 0650 GR TORTERICORRENZA";"GR";"650";"GR|650";0.999954114488691
"A";"164";"36517196";"2020";"5";"01010503";"01.1.1.4.2.00";"S.ANGELO S.ANGELO NOBIO TONDA FARCITA PASQUALINA PIZZA DOLCE CIOCCOLATO TORTA 1 00500 TORTE.PRONTE GR";"S.ANGELO";"500GR";"Torte Pronte Altre";"TORTE PRONTE";"8003896011084";"121.99";"91";"1.34";"9";"646.28";"262";"2.47";"24";"-81.1242804976171";"-45.6545218722603";"  NOBIO TONDA FARCITA PASQUALINA PIZZA DOLCE CIOCCOLATO TORTA 1 00500 TORTE.PRONTE GR";"S.ANGELO S.ANGELO NOBIO TONDA FARCITA PASQUALINA PIZZA DOLCE CIOCCOLATO TORTA 1 00500 TORTE.PRONTE GR";"GR";"500";"GR|500";0.999943468436558
"B";"166522";"9863054";"2020";"5";"01010503";"01.1.1.4.2.00";"S.ANGELO S.ANGELO NOBIO TONDA SEMPLICE FRESCOFRESCO YOGURT CIAMBELLA 1 00400 TORTE.PRONTE GR";"S.ANGELO";"400GR";"Torte Pronte Altre";"TORTE PRONTE";"8003896000576";"586.55";"306";"1.92";"36";"525.56";"273";"1.93";"56";"11.6047644417383";"-0.431043488253053";"  NOBIO TONDA SEMPLICE FRESCOFRESCO YOGURT CIAMBELLA 1 00400 TORTE.PRONTE GR";"S.ANGELO S.ANGELO NOBIO TONDA SEMPLICE FRESCOFRESCO YOGURT CIAMBELLA 1 00400 TORTE.PRONTE GR";"GR";"400";"GR|400";0.999943468436558
"A";"56";"647767";"2020";"5";"01010503";"01.1.1.4.2.00";"PALUANI NOBIO PALUANI TORTA MIMOSA FARC AST CIOC.BIAN.CR.LATTE PANNA 1 0600 GR TORTERICORRENZA";"PALUANI";"600GR";"Torte Pronte Altre";"TORTE PRONTE";"8002540003239";"917.27";"448";"2.05";"82";"13756.93";"4179";"3.29";"458";"-93.3323059723354";"-37.8029166481911";" NOBIO  TORTA MIMOSA FARC AST CIOC.BIAN.CR.LATTE PANNA 1 0600 GR TORTERICORRENZA";"PALUANI NOBIO PALUANI TORTA MIMOSA FARC AST CIOC.BIAN.CR.LATTE PANNA 1 0600 GR TORTERICORRENZA";"GR";"600";"GR|600";0.977380568067753
"B";"38707";"49971156";"2020";"5";"01010503";"01.1.1.4.2.00";"PALUANI NOBIO PALUANI L'EDENISTA AST NON ARRICCHITO 1 0650 GR TORTERICORRENZA VEGAN";"PALUANI";"650GR";"Torte Pronte Altre";"TORTE PRONTE";"8002540070064";"2867.29";"2062";"1.39";"196";"8499.64";"2417";"3.52";"321";"-66.265747725786";"-60.4579593856571";" NOBIO  L'EDENISTA AST NON ARRICCHITO 1 0650 GR TORTERICORRENZA VEGAN";"PALUANI NOBIO PALUANI L'EDENISTA AST NON ARRICCHITO 1 0650 GR TORTERICORRENZA VEGAN";"GR";"650";"GR|650";0.977380568067753
"A";"123";"53656132";"2020";"5";"01010503";"01.1.1.4.2.00";"CIANCIULLO NOBIO CIANCIULLO DELIZIA DEGLI ANGELI FARC AST CIOCC.MANDORLA 1 0600 GR TORTERICORRENZA";"CIANCIULLO";"600GR";"Torte Pronte Altre";"TORTE PRONTE";"8017377004816";"71.98";"11";"6.54";"6";"367.5";"35";"10.5";"13";"-80.4136054421769";"-37.6796536796537";" NOBIO  DELIZIA DEGLI ANGELI FARC AST CIOCC.MANDORLA 1 0600 GR TORTERICORRENZA";"CIANCIULLO NOBIO CIANCIULLO DELIZIA DEGLI ANGELI FARC AST CIOCC.MANDORLA 1 0600 GR TORTERICORRENZA";"GR";"600";"GR|600";0.949778474228069
"B";"37509";"47898562";"2020";"5";"01010503";"01.1.1.4.2.00";"CIANCIULLO CIANCIULLO NOBIO ALTRE FORME FARCITA STD MAIS GOCCE CIOCCOLATO PANETTO 1 00500 TORTE.PRONTE GR";"CIANCIULLO";"500GR";"Torte Pronte Altre";"TORTE PRONTE";"8017377004205";"79.72";"10";"7.97";"4";"87.02";"11";"7.91";"32";"-8.38887612043209";"0.772236267524707";"  NOBIO ALTRE FORME FARCITA STD MAIS GOCCE CIOCCOLATO PANETTO 1 00500 TORTE.PRONTE GR";"CIANCIULLO CIANCIULLO NOBIO ALTRE FORME FARCITA STD MAIS GOCCE CIOCCOLATO PANETTO 1 00500 TORTE.PRONTE GR";"GR";"500";"GR|500";0.949778474228069
"A";"69";"23813322";"2020";"5";"02030101";"02.1.2.1.2.00";"COLTIVA RIGHI NOBIO DOC PIGNOLETTO DEL RENO DOC 06 0075.0 CL";"RIGHI";"750ML";"Vino Doc/Docg Italiano Bianco";"DOC DOCG ITALIANO";"8001929139590";"339.73";"117";"2.9";"8";"1340.24";"78";"17.18";"49";"-74.6515549453829";"-83.1010366302553";"COLTIVA  NOBIO DOC PIGNOLETTO DEL RENO DOC 06 0075.0 CL";"COLTIVA RIGHI NOBIO DOC PIGNOLETTO DEL RENO DOC 06 0075.0 CL";"ML";"750";"ML|750";1
"B";"22481";"32864164";"2020";"5";"02030101";"02.1.2.1.2.00";"COLTIVA RIGHI NOBIO DOC PIGNOLETTO DOC 01 0075.0 CL";"RIGHI";"750ML";"Vino Doc/Docg Italiano Bianco";"DOC DOCG ITALIANO";"8002550505358";"5779.16";"1634";"3.54";"35";"672.62";"139";"4.84";"40";"759.201332104309";"-26.9100458001843";"COLTIVA  NOBIO DOC PIGNOLETTO DOC 01 0075.0 CL";"COLTIVA RIGHI NOBIO DOC PIGNOLETTO DOC 01 0075.0 CL";"ML";"750";"ML|750";1
"A";"57";"664015";"2020";"5";"02030102";"02.1.2.1.2.00";"MELONI MELONI CANNONAU DOC FERMO ROSSO VET 01 0075.0 CL NOBIO SARDO";"MELONI";"750ML";"Vino Doc/Docg Italiano Rosso";"DOC DOCG ITALIANO";"8002695003016";"41.23";"17";"2.43";"7";"328.18";"71";"4.62";"44";"-87.4367725028948";"-47.530049865031";"  CANNONAU DOC FERMO ROSSO VET 01 0075.0 CL NOBIO SARDO";"MELONI MELONI CANNONAU DOC FERMO ROSSO VET 01 0075.0 CL NOBIO SARDO";"ML";"750";"ML|750";1
"B";"48920";"650619";"2020";"5";"02030102";"02.1.2.1.2.00";"MELONI MELONI CANNONAU DOC FERMO SECCO ROSSO VET 01 0075.0 CL NOBIO SARDO";"MELONI";"750ML";"Vino Doc/Docg Italiano Rosso";"DOC DOCG ITALIANO";"8002695003139";"1409.83";"464";"3.04";"55";"1528.36";"501";"3.05";"82";"-7.75537177104871";"-0.399657882102159";"  CANNONAU DOC FERMO SECCO ROSSO VET 01 0075.0 CL NOBIO SARDO";"MELONI MELONI CANNONAU DOC FERMO SECCO ROSSO VET 01 0075.0 CL NOBIO SARDO";"ML";"750";"ML|750";1
