"FILE";"ROW";"PRDKEY";"YEAR";"MONTH";"INDICODECR";"COICOP";"DESCRIZIONE";"MARCA";"FORMATO";"MERCATO";"FAMIGLIA";"EAN";"TURNOVERCURR";"QUANTITYCURR";"PRICECURR";"COUNTPDVCURR";"TURNOVERPREV";"QUANTITYPREV";"PRICEPREV";"COUNTPDVPREV";"VTURNOVER";"VPRICE";"DESC";"DESCRIZIONE1";"UNITA";"QUANTITA";"UNITA.QUANTITA";"fm.d";"REGOLA"
"A";"70";"23868507";"2020";"5";"01020304";"01.1.8.3.0.00";"CIDNEO CIDNEO NOBIO OVETTI CONFETTATI STD SACCHETTO 01 0150.0 GR";"CIDNEO";"150GR";"Altri Fuori Pasto Dolci Bocconcini Conf";"ALTRI FUORI PASTO DOLCI";"8000038990115";"623.55";"386";"1.62";"102";"9210.32";"3771";"2.44";"402";"-93.2298769206716";"-33.8597561343331";"  NOBIO OVETTI CONFETTATI STD SACCHETTO 01 0150.0 GR";"CIDNEO CIDNEO NOBIO OVETTI CONFETTATI STD SACCHETTO 01 0150.0 GR";"GR";"150";"GR|150";0.988279199500614;"2"
"B";"6099";"13655153";"2020";"5";"01020304";"01.1.8.3.0.00";"CIDNEO CIDNEO NOBIO OVETTI CONFETTATI CIALDA SACCHETTO 01 0080.0 GR";"CIDNEO";"80GR";"Altri Fuori Pasto Dolci Bocconcini Conf";"ALTRI FUORI PASTO DOLCI";"8000038123117";"311.08";"158";"1.97";"38";"6064.98";"2170";"2.79";"305";"-94.8708816846882";"-29.5557800998311";"  NOBIO OVETTI CONFETTATI CIALDA SACCHETTO 01 0080.0 GR";"CIDNEO CIDNEO NOBIO OVETTI CONFETTATI CIALDA SACCHETTO 01 0080.0 GR";"GR";"80";"GR|80";0.988279199500614;"2"
"A";"61";"13484104";"2020";"5";"05040302";"05.6.1.2.0.00";"CONTITAL PRESTO FATTO STD ROT.ALLUM ALLUMINIO 1 008 MT";"PRESTO FATTO";"800CM";"Avvolgenti Alimentari Alluminio";"AVVOLGENTI ALIMENTARI";"8011851120252";"8.93";"10";"0.89";"1";"38.86";"20";"1.94";"1";"-77.0200720535255";"-54.0401441070509";"CONTITAL  STD ROT.ALLUM ALLUMINIO 1 008 MT";"CONTITAL PRESTO FATTO STD ROT.ALLUM ALLUMINIO 1 008 MT";"CM";"800";"CM|800";0.999999999987925;"2"
"B";"61035";"13471446";"2020";"5";"05040302";"05.6.1.2.0.00";"CONTITAL PRESTO FATTO STD ROT.ALLUM ALLUMINIO 1 016 MT";"PRESTO FATTO";"1600CM";"Avvolgenti Alimentari Alluminio";"AVVOLGENTI ALIMENTARI";"8011851120269";"26.16";"22";"1.19";"1";"58.29";"49";"1.19";"1";"-55.120946989192";"-0.0421092032002994";"CONTITAL  STD ROT.ALLUM ALLUMINIO 1 016 MT";"CONTITAL PRESTO FATTO STD ROT.ALLUM ALLUMINIO 1 016 MT";"CM";"1600";"CM|1600";0.999999999987925;"2"
"A";"193";"55224049";"2020";"5";"01140110";"01.2.1.1.0.00";"PL PL GRANCREMA ESPR ELETT ALTRE M. MACIN 01 036 CIALDE SCAT NO ARABICA 0234.000 GR NO FILTRO NONEQUOSOLIDALE NOBIO PL";"EUROSPIN";NA;"Caffe Macinato Capsule A Modo Mio";"CAFFE MACINATO";"8017596105875";"479.07";"157";"3.05";"18";"2229.57";"450";"4.95";"101";"-78.5128971057199";"-38.4127624049298";"PL PL GRANCREMA ESPR ELETT ALTRE M. MACIN 01 036 CIALDE SCAT NO ARABICA 0234.000 GR NO FILTRO NONEQUOSOLIDALE NOBIO PL";"PL PL GRANCREMA ESPR ELETT ALTRE M. MACIN 01 036 CIALDE SCAT NO ARABICA 0234.000 GR NO FILTRO NONEQUOSOLIDALE NOBIO PL";NA;NA;NA;0.999999998167191;"3"
"B";"40943";"54320026";"2020";"5";"01140110";"01.2.1.1.0.00";"PL PL GRANCREMA ESPR ELETT ALTRE M. MACIN 01 016 CIALDE SCAT NO ARABICA 0104.000 GR NO FILTRO NONEQUOSOLIDALE NOBIO PL";"EUROSPIN";"104GR";"Caffe Macinato Capsule A Modo Mio";"CAFFE MACINATO";"8017596105868";"26736.51";"8384";"3.19";"107";"23343.93";"7321";"3.19";"107";"14.5330285003425";"0.0114863610457239";"PL PL GRANCREMA ESPR ELETT ALTRE M. MACIN 01 016 CIALDE SCAT NO ARABICA 0104.000 GR NO FILTRO NONEQUOSOLIDALE NOBIO PL";"PL PL GRANCREMA ESPR ELETT ALTRE M. MACIN 01 016 CIALDE SCAT NO ARABICA 0104.000 GR NO FILTRO NONEQUOSOLIDALE NOBIO PL";"GR";"104";"GR|104";0.999999998167191;"3"
"A";"37";"45179547";"2020";"5";"01140111";"01.2.1.1.0.00";"TORREFAZIONE POLI POLI STD ESPR ELETT ALTRE M. MACIN 01 010 CIALDE SCAT 0052.000 GR NONEQUOSOLIDALE NOBIO";"POLI";"52GR";"Caffe Macinato Capsule Nespresso";"CAFFE MACINATO";"8019650001857";"21";"14";"1.5";"3";"99.9";"37";"2.7";"5";"-78.978978978979";"-44.4444444444444";"TORREFAZIONE   STD ESPR ELETT ALTRE M. MACIN 01 010 CIALDE SCAT 0052.000 GR NONEQUOSOLIDALE NOBIO";"TORREFAZIONE POLI POLI STD ESPR ELETT ALTRE M. MACIN 01 010 CIALDE SCAT 0052.000 GR NONEQUOSOLIDALE NOBIO";"GR";"52";"GR|52";0.999999999999977;"2"
"B";"152718";"54535842";"2020";"5";"01140111";"01.2.1.1.0.00";"TORREFAZIONE POLI POLI STD ESPR ELETT ALTRE M. MACIN 01 050 CIALDE SCAT 0260.000 GR NONEQUOSOLIDALE NOBIO";"POLI";"260GR";"Caffe Macinato Capsule Nespresso";"CAFFE MACINATO";"8019650003547";"391.11";"54";"7.24";"2";"293.29";"41";"7.15";"3";"33.3526543693955";"1.24923757676323";"TORREFAZIONE   STD ESPR ELETT ALTRE M. MACIN 01 050 CIALDE SCAT 0260.000 GR NONEQUOSOLIDALE NOBIO";"TORREFAZIONE POLI POLI STD ESPR ELETT ALTRE M. MACIN 01 050 CIALDE SCAT 0260.000 GR NONEQUOSOLIDALE NOBIO";"GR";"260";"GR|260";0.999999999999977;"2"
"A";"201";"595242";"2020";"5";"03010601";"01.1.4.5.2.00";"LACTALIS INVERNIZZINA NOBIO INVERNIZZINA STD 1 500 GR 01 FORM.MOLLI";"INVERNIZZINA";"500GR";"Crescenza Normale";"CRESCENZA";"8001590921807";"24.88";"10";"2.49";"4";"1411.44";"354";"3.99";"139";"-98.2372612367511";"-37.5990477809896";"LACTALIS  NOBIO  STD 1 500 GR 01 FORM.MOLLI";"LACTALIS INVERNIZZINA NOBIO INVERNIZZINA STD 1 500 GR 01 FORM.MOLLI";"GR";"500";"GR|500";0.999999997407962;"2"
"B";"68069";"22334493";"2020";"5";"03010601";"01.1.4.5.2.00";"LACTALIS INVERNIZZINA NOBIO INVERNIZZINA STD 1 150 GR 01 FORM.MOLLI";"INVERNIZZINA";"150GR";"Crescenza Normale";"CRESCENZA";"8025025005597";"15520.82";"9567";"1.62";"74";"26281.92";"17400";"1.51";"76";"-40.9448776953891";"7.40661943140275";"LACTALIS  NOBIO  STD 1 150 GR 01 FORM.MOLLI";"LACTALIS INVERNIZZINA NOBIO INVERNIZZINA STD 1 150 GR 01 FORM.MOLLI";"GR";"150";"GR|150";0.999999997407962;"2"
"A";"142";"13562492";"2020";"5";"03030302";"01.1.4.6.0.00";"PL PL STD CREMA+PANNA LATTE CACAO PANNA MONTATA FRESCO 04 0100.0 GR PLAS NOBIO DESSERT PL";"COOP";"100GR";"Dessert Freschi Coppa con Panna Mono";"DESSERT FRESCHI";"8001120789792";"32.64";"30";"1.09";"17";"7889.2";"5072";"1.56";"321";"-99.5862698372459";"-30.0520204836992";"PL PL STD CREMA+PANNA LATTE CACAO PANNA MONTATA FRESCO 04 0100.0 GR PLAS NOBIO DESSERT PL";"PL PL STD CREMA+PANNA LATTE CACAO PANNA MONTATA FRESCO 04 0100.0 GR PLAS NOBIO DESSERT PL";"GR";"100";"GR|100";0.931548421112467;"2"
"B";"154708";"55551411";"2020";"5";"03030302";"01.1.4.6.0.00";"PL PL STD CREMA+PANNA LATTE CACAO PANNA MONTATA FRESCO 01 0200.0 GR PLAS NOBIO DESSERT PL";"ESSELUNGA";"200GR";"Dessert Freschi Coppa con Panna Mono";"DESSERT FRESCHI";"8002330011000";"2341.81";"10649";"0.22";"76";"2337.33";"10629";"0.22";"76";"0.191671693770242";"0.00350065105492567";"PL PL STD CREMA+PANNA LATTE CACAO PANNA MONTATA FRESCO 01 0200.0 GR PLAS NOBIO DESSERT PL";"PL PL STD CREMA+PANNA LATTE CACAO PANNA MONTATA FRESCO 01 0200.0 GR PLAS NOBIO DESSERT PL";"GR";"200";"GR|200";0.931548421112467;"2"
"A";"94";"3933551";"2020";"5";"01020501";"01.1.8.3.0.00";"WITOR'S WITOR'S NOBIO OVE UNI MAXI OVETTI CREMA NOCCIOLA CEREALI CROCCANTI LATTE RIPIENI SAC 1 01000.0 GR";"WITOR'S";"1000GR";"Ovetti Pieni o Ripieni Latte (Ciocc. al)";"OVETTI PIENI O RIPIENI";"8003535004903";"5687.78";"2030";"2.8";"215";"32169.61";"7597";"4.23";"602";"-82.3194002041057";"-33.8327504190103";"  NOBIO OVE UNI MAXI OVETTI CREMA NOCCIOLA CEREALI CROCCANTI LATTE RIPIENI SAC 1 01000.0 GR";"WITOR'S WITOR'S NOBIO OVE UNI MAXI OVETTI CREMA NOCCIOLA CEREALI CROCCANTI LATTE RIPIENI SAC 1 01000.0 GR";"GR";"1000";"GR|1000";0.999996432809176;"2"
"B";"130369";"25397057";"2020";"5";"01020501";"01.1.8.3.0.00";"WITOR'S WITOR'S NOBIO OVE UNI MAXI OVETTI CREMA NOCCIOLA CEREALI CROCCANTI LATTE RIPIENI SAC 1 00250.0 GR";"WITOR'S";"250GR";"Ovetti Pieni o Ripieni Latte (Ciocc. al)";"OVETTI PIENI O RIPIENI";"8003535052331";"2984.06";"2234";"1.34";"309";"28291.51";"14862";"1.9";"928";"-89.4524541107915";"-29.8309637397421";"  NOBIO OVE UNI MAXI OVETTI CREMA NOCCIOLA CEREALI CROCCANTI LATTE RIPIENI SAC 1 00250.0 GR";"WITOR'S WITOR'S NOBIO OVE UNI MAXI OVETTI CREMA NOCCIOLA CEREALI CROCCANTI LATTE RIPIENI SAC 1 00250.0 GR";"GR";"250";"GR|250";0.999996432809176;"2"
"A";"145";"20795336";"2020";"5";"01020501";"01.1.8.3.0.00";"VERGANI CHACAO NOBIO OVE UNI STD CREMA NOC LATTE RIPIENI BUS 1 01000.0 GR";"CHACAO";"1000GR";"Ovetti Pieni o Ripieni Latte (Ciocc. al)";"OVETTI PIENI O RIPIENI";"8002325446404";"426.54";"417";"1.02";"35";"2120.19";"709";"2.99";"68";"-79.8819917082903";"-65.7945614416734";"VERGANI  NOBIO OVE UNI STD CREMA NOC LATTE RIPIENI BUS 1 01000.0 GR";"VERGANI CHACAO NOBIO OVE UNI STD CREMA NOC LATTE RIPIENI BUS 1 01000.0 GR";"GR";"1000";"GR|1000";0.999714852043234;"2"
"B";"6049";"13630982";"2020";"5";"01020501";"01.1.8.3.0.00";"VERGANI CHACAO NOBIO OVE UNI STD CREMA NOC LATTE RIPIENI BUS 1 00125.0 GR";"CHACAO";"125GR";"Ovetti Pieni o Ripieni Latte (Ciocc. al)";"OVETTI PIENI O RIPIENI";"8002325446107";"783.62";"1430";"0.55";"87";"1975.11";"2790";"0.71";"159";"-60.3252477077226";"-22.5926161570252";"VERGANI  NOBIO OVE UNI STD CREMA NOC LATTE RIPIENI BUS 1 00125.0 GR";"VERGANI CHACAO NOBIO OVE UNI STD CREMA NOC LATTE RIPIENI BUS 1 00125.0 GR";"GR";"125";"GR|125";0.999714852043234;"2"
"A";"144";"20795327";"2020";"5";"01020501";"01.1.8.3.0.00";"VERGANI CHACAO NOBIO OVE UNI STD CREMA LATTE LATTE RIPIENI BUS 1 01000.0 GR";"CHACAO";"1000GR";"Ovetti Pieni o Ripieni Latte (Ciocc. al)";"OVETTI PIENI O RIPIENI";"8002325446305";"422.97";"465";"0.91";"39";"2025.84";"687";"2.95";"65";"-79.1212534059946";"-69.1533356772436";"VERGANI  NOBIO OVE UNI STD CREMA LATTE LATTE RIPIENI BUS 1 01000.0 GR";"VERGANI CHACAO NOBIO OVE UNI STD CREMA LATTE LATTE RIPIENI BUS 1 01000.0 GR";"GR";"1000";"GR|1000";0.999535209839995;"2"
"B";"6256";"13875911";"2020";"5";"01020501";"01.1.8.3.0.00";"VERGANI CHACAO NOBIO OVE UNI STD CREMA LATTE LATTE RIPIENI BUS 1 00125.0 GR";"CHACAO";"125GR";"Ovetti Pieni o Ripieni Latte (Ciocc. al)";"OVETTI PIENI O RIPIENI";"8002325446008";"776.4";"1435";"0.54";"95";"1840.6";"2661";"0.69";"156";"-57.8181027925676";"-21.7797711017578";"VERGANI  NOBIO OVE UNI STD CREMA LATTE LATTE RIPIENI BUS 1 00125.0 GR";"VERGANI CHACAO NOBIO OVE UNI STD CREMA LATTE LATTE RIPIENI BUS 1 00125.0 GR";"GR";"125";"GR|125";0.999535209839995;"2"
"A";"165";"36599600";"2020";"5";"01020501";"01.1.8.3.0.00";"LAICA LAICA NOBIO OVE UNI STD CREMA NOCCIOLA CEREALI LATTE RIPIENI BUS 1 00275.0 GR";"LAICA";"275GR";"Ovetti Pieni o Ripieni Latte (Ciocc. al)";"OVETTI PIENI O RIPIENI";"8008743045953";"261.62";"348";"0.75";"60";"1626.49";"1057";"1.54";"112";"-83.9150563483329";"-51.1442947131836";"  NOBIO OVE UNI STD CREMA NOCCIOLA CEREALI LATTE RIPIENI BUS 1 00275.0 GR";"LAICA LAICA NOBIO OVE UNI STD CREMA NOCCIOLA CEREALI LATTE RIPIENI BUS 1 00275.0 GR";"GR";"275";"GR|275";0.870219350201035;"2"
"B";"15454";"23846785";"2020";"5";"01020501";"01.1.8.3.0.00";"LAICA LAICA NOBIO OVE UNI STD CREMA LATTE.CEREALI LATTE RIPIENI BUS 1 00120.0 GR";"LAICA";"120GR";"Ovetti Pieni o Ripieni Latte (Ciocc. al)";"OVETTI PIENI O RIPIENI";"8008743038498";"434.97";"927";"0.47";"52";"1244.62";"1638";"0.76";"67";"-65.0519837380084";"-38.2471945661896";"  NOBIO OVE UNI STD CREMA LATTE.CEREALI LATTE RIPIENI BUS 1 00120.0 GR";"LAICA LAICA NOBIO OVE UNI STD CREMA LATTE.CEREALI LATTE RIPIENI BUS 1 00120.0 GR";"GR";"120";"GR|120";0.870219350201035;"2"
"A";"104";"42592496";"2020";"5";"01020501";"01.1.8.3.0.00";"ZAINI ZAINI NOBIO OVE UNI STD CREMA GIANDUIA LATTE RIPIENI SAC 1 00500.0 GR S/OLIO DI PALMA";"ZAINI";"500GR";"Ovetti Pieni o Ripieni Latte (Ciocc. al)";"OVETTI PIENI O RIPIENI";"8004735098600";"740.09";"528";"1.4";"59";"3571.79";"1286";"2.78";"116";"-79.279576906817";"-49.5332119359218";"  NOBIO OVE UNI STD CREMA GIANDUIA LATTE RIPIENI SAC 1 00500.0 GR S/OLIO DI PALMA";"ZAINI ZAINI NOBIO OVE UNI STD CREMA GIANDUIA LATTE RIPIENI SAC 1 00500.0 GR S/OLIO DI PALMA";"GR";"500";"GR|500";0.84675785931649;"2"
"B";"158813";"59063722";"2020";"5";"01020501";"01.1.8.3.0.00";"ZAINI ZAINI NOBIO OVE UNI STD CREMA GIANDUIA LATTE RIPIENI SAC 1 00155.0 GR";"ZAINI";"155GR";"Ovetti Pieni o Ripieni Latte (Ciocc. al)";"OVETTI PIENI O RIPIENI";"8004735100839";"1519.85";"1162";"1.31";"159";"4765.13";"2855";"1.67";"274";"-68.1047526510295";"-21.634310515223";"  NOBIO OVE UNI STD CREMA GIANDUIA LATTE RIPIENI SAC 1 00155.0 GR";"ZAINI ZAINI NOBIO OVE UNI STD CREMA GIANDUIA LATTE RIPIENI SAC 1 00155.0 GR";"GR";"155";"GR|155";0.84675785931649;"2"
"A";"51";"57307663";"2020";"5";"03100107";"01.1.1.6.2.00";"PICCININI PICCININI NOBIO GIALLI TORTELLINI T.INI FRESCA PROSCIUTTO CRUDO 2 0500 GR";"PICCININI";"500GR";"Pasta Fresca Ripena Prosciutto Crudo";"PASTA FRESCA RIPIENA";"8021018005803";"86.56";"16";"5.41";"2";"3214.94";"370";"8.69";"33";"-97.3075702812494";"-37.7375627538928";"  NOBIO GIALLI TORTELLINI T.INI FRESCA PROSCIUTTO CRUDO 2 0500 GR";"PICCININI PICCININI NOBIO GIALLI TORTELLINI T.INI FRESCA PROSCIUTTO CRUDO 2 0500 GR";"GR";"500";"GR|500";0.99999996484682;"2"
"B";"66075";"21585012";"2020";"5";"03100107";"01.1.1.6.2.00";"PICCININI PICCININI NOBIO GIALLI TORTELLINI T.INI FRESCA PROSCIUTTO CRUDO 1 0250 GR";"PICCININI";"250GR";"Pasta Fresca Ripena Prosciutto Crudo";"PASTA FRESCA RIPIENA";"8021018003526";"4580.53";"1004";"4.56";"49";"6596.32";"1453";"4.54";"61";"-30.5593118587334";"0.495338515199638";"  NOBIO GIALLI TORTELLINI T.INI FRESCA PROSCIUTTO CRUDO 1 0250 GR";"PICCININI PICCININI NOBIO GIALLI TORTELLINI T.INI FRESCA PROSCIUTTO CRUDO 1 0250 GR";"GR";"250";"GR|250";0.99999996484682;"2"
"A";"195";"5624765";"2020";"5";"01010105";"01.1.1.4.2.00";"PRETI PRETI ALTRE VARIETA' PRETI UNITIPO PASTIC CANESTRELLINI 01 01 PASTIC 00280.00 GR NOBIO NON PORZ.";"PRETI";"280GR";"Pasticceria Altra Unitipo";"PASTICCERIA";"8001813000340";"607.33";"296";"2.05";"25";"5590.02";"899";"6.22";"59";"-89.1354592649042";"-67.0026279700977";"  ALTRE VARIETA'  UNITIPO PASTIC CANESTRELLINI 01 01 PASTIC 00280.00 GR NOBIO NON PORZ.";"PRETI PRETI ALTRE VARIETA' PRETI UNITIPO PASTIC CANESTRELLINI 01 01 PASTIC 00280.00 GR NOBIO NON PORZ.";"GR";"280";"GR|280";0.999999999997043;"2"
"B";"71797";"24213521";"2020";"5";"01010105";"01.1.1.4.2.00";"PRETI PRETI ALTRE VARIETA' PRETI UNITIPO PASTIC CANESTRELLINI 01 01 PASTIC 00125.00 GR NOBIO NON PORZ.";"PRETI";"125GR";"Pasticceria Altra Unitipo";"PASTICCERIA";"8001813203888";"474.7";"449";"1.06";"33";"332.41";"310";"1.07";"37";"42.805571432869";"-1.40372573677193";"  ALTRE VARIETA'  UNITIPO PASTIC CANESTRELLINI 01 01 PASTIC 00125.00 GR NOBIO NON PORZ.";"PRETI PRETI ALTRE VARIETA' PRETI UNITIPO PASTIC CANESTRELLINI 01 01 PASTIC 00125.00 GR NOBIO NON PORZ.";"GR";"125";"GR|125";0.999999999997043;"2"
"A";"46";"51598135";"2020";"5";"01010105";"01.1.1.4.2.00";"DOGHOUSE SAPORI SIENA SAPORI COLOMBELLE PASTIC.SENZA FARINA 06 ALTRE VARIETA' MANDORLA.AGRUMI UNITIPO SACCHETTO 01 00127.00 GR NOBIO PORZIONATA";"SAPORI";"127GR";"Pasticceria Altra Unitipo";"PASTICCERIA";"8002590061388";"1661.58";"1405";"1.18";"160";"7659.67";"4427";"1.73";"318";"-78.3074205546714";"-31.6490752993099";"DOGHOUSE  SIENA  COLOMBELLE PASTIC.SENZA FARINA 06 ALTRE VARIETA' MANDORLA.AGRUMI UNITIPO SACCHETTO 01 00127.00 GR NOBIO PORZIONATA";"DOGHOUSE SAPORI SIENA SAPORI COLOMBELLE PASTIC.SENZA FARINA 06 ALTRE VARIETA' MANDORLA.AGRUMI UNITIPO SACCHETTO 01 00127.00 GR NOBIO PORZIONATA";"GR";"127";"GR|127";0.999999997438312;"2"
"B";"94099";"50560816";"2020";"5";"01010105";"01.1.1.4.2.00";"DOGHOUSE SAPORI SIENA SAPORI COLOMBELLE PASTIC.SENZA FARINA 01 ALTRE VARIETA' MANDORLA.AGRUMI UNITIPO 01 00170.00 GR NOBIO NON PORZ.";"SAPORI";"170GR";"Pasticceria Altra Unitipo";"PASTICCERIA";"8002590061272";"1818.7";"845";"2.15";"105";"8190.71";"2990";"2.74";"238";"-77.795575719321";"-21.430498699136";"DOGHOUSE  SIENA  COLOMBELLE PASTIC.SENZA FARINA 01 ALTRE VARIETA' MANDORLA.AGRUMI UNITIPO 01 00170.00 GR NOBIO NON PORZ.";"DOGHOUSE SAPORI SIENA SAPORI COLOMBELLE PASTIC.SENZA FARINA 01 ALTRE VARIETA' MANDORLA.AGRUMI UNITIPO 01 00170.00 GR NOBIO NON PORZ.";"GR";"170";"GR|170";0.999999997438312;"2"
"A";"159";"26706354";"2020";"5";"05040402";"05.6.1.2.0.00";"GUARDINI GUARDINI EASY BAKE CONT.ALLUM S/COP CARTA FORNO 1 002 PZ";"GUARDINI";"2UNI";"Sacc/Vasc per Alimenti Vaschette";"SACCHETTI e VASCHETTE PER ALIMENTI";"8006043010206";"256.88";"145";"1.77";"19";"5630.57";"1950";"2.89";"109";"-95.437762073822";"-38.645765820365";"  EASY BAKE CONT.ALLUM S/COP CARTA FORNO 1 002 PZ";"GUARDINI GUARDINI EASY BAKE CONT.ALLUM S/COP CARTA FORNO 1 002 PZ";"UNI";"2";"UNI|2";1;"2"
"B";"76972";"32282129";"2020";"5";"05040402";"05.6.1.2.0.00";"GUARDINI GUARDINI EASY BAKE CONT.ALLUM S/COP CARTA FORNO 1 003 PZ";"GUARDINI";"3UNI";"Sacc/Vasc per Alimenti Vaschette";"SACCHETTI e VASCHETTE PER ALIMENTI";"8006043008685";"187.55";"47";"3.99";"21";"163.31";"46";"3.55";"54";"14.8429367460658";"12.3994700067878";"  EASY BAKE CONT.ALLUM S/COP CARTA FORNO 1 003 PZ";"GUARDINI GUARDINI EASY BAKE CONT.ALLUM S/COP CARTA FORNO 1 003 PZ";"UNI";"3";"UNI|3";1;"2"
"A";"81";"2694587";"2020";"5";"05040501";"05.6.1.2.0.00";"MECO MECO STD ROT NERO BUSTA 50X60 1 020 SAC";"MECO";"20UNI";"Sacchetti Spazzatura Piccoli";"SACCHETTI SPAZZATURA";"8000962000508";"297.47";"145";"2.05";"18";"1167.27";"316";"3.69";"19";"-74.5157504262082";"-44.4619112736674";"  STD ROT NERO BUSTA 50X60 1 020 SAC";"MECO MECO STD ROT NERO BUSTA 50X60 1 020 SAC";"UNI";"20";"UNI|20";0.999999999999922;"2"
"B";"50523";"698892";"2020";"5";"05040501";"05.6.1.2.0.00";"MECO MECO STD ROT NERO BUSTA 50X55 1 030 SAC";"MECO";"30UNI";"Sacchetti Spazzatura Piccoli";"SACCHETTI SPAZZATURA";"8000962000485";"410";"430";"0.95";"21";"506.86";"524";"0.97";"21";"-19.1098133606913";"-1.42684232791221";"  STD ROT NERO BUSTA 50X55 1 030 SAC";"MECO MECO STD ROT NERO BUSTA 50X55 1 030 SAC";"UNI";"30";"UNI|30";0.999999999999922;"2"
"A";"13";"2520904";"2020";"5";"01010503";"01.1.1.4.2.00";"LOISON NOBIO LOISON STD TONDA SEMPLICE FOCACCIA CLASS 1 00700 GR TORTE.PRONTE";"LOISON";"700GR";"Torte Pronte Altre";"TORTE PRONTE";"8003475010118";"92.69";"49";"1.89";"9";"765.41";"182";"4.21";"31";"-87.8901503769222";"-55.0205585428538";" NOBIO  STD TONDA SEMPLICE FOCACCIA CLASS 1 00700 GR TORTE.PRONTE";"LOISON NOBIO LOISON STD TONDA SEMPLICE FOCACCIA CLASS 1 00700 GR TORTE.PRONTE";"GR";"700";"GR|700";1;"2"
"B";"91604";"4556736";"2020";"5";"01010503";"01.1.1.4.2.00";"LOISON NOBIO LOISON STD TONDA SEMPLICE FOCACCIA CLASS 1 00400 GR TORTE.PRONTE";"LOISON";"400GR";"Torte Pronte Altre";"TORTE PRONTE";"8003475002014";"113.38";"49";"2.31";"9";"1092.03";"408";"2.68";"22";"-89.6175013506955";"-13.5498071649747";" NOBIO  STD TONDA SEMPLICE FOCACCIA CLASS 1 00400 GR TORTE.PRONTE";"LOISON NOBIO LOISON STD TONDA SEMPLICE FOCACCIA CLASS 1 00400 GR TORTE.PRONTE";"GR";"400";"GR|400";1;"2"
"A";"80";"26416052";"2020";"5";"01010503";"01.1.1.4.2.00";"S.ANGELO S.ANGELO NOBIO TONDA SEMPLICE PASQUALINA PIZZA DOLCE GLASSA TORTA 1 00500 TORTE.PRONTE GR";"S.ANGELO";"500GR";"Torte Pronte Altre";"TORTE PRONTE";"8003896000927";"59.15";"27";"2.19";"14";"1337.59";"417";"3.21";"36";"-95.5778676575034";"-31.7026227103306";"  NOBIO TONDA SEMPLICE PASQUALINA PIZZA DOLCE GLASSA TORTA 1 00500 TORTE.PRONTE GR";"S.ANGELO S.ANGELO NOBIO TONDA SEMPLICE PASQUALINA PIZZA DOLCE GLASSA TORTA 1 00500 TORTE.PRONTE GR";"GR";"500";"GR|500";0.999999999861295;"2"
"B";"109508";"9114703";"2020";"5";"01010503";"01.1.1.4.2.00";"S.ANGELO S.ANGELO NOBIO TONDA SEMPLICE PIZZA DOLCE CLASS TORTA 1 00800 TORTE.PRONTE GR";"S.ANGELO";"800GR";"Torte Pronte Altre";"TORTE PRONTE";"8003896000217";"50.14";"16";"3.13";"6";"506.31";"148";"3.42";"11";"-90.0969761608501";"-8.39702948786317";"  NOBIO TONDA SEMPLICE PIZZA DOLCE CLASS TORTA 1 00800 TORTE.PRONTE GR";"S.ANGELO S.ANGELO NOBIO TONDA SEMPLICE PIZZA DOLCE CLASS TORTA 1 00800 TORTE.PRONTE GR";"GR";"800";"GR|800";0.999999999861295;"2"
"A";"206";"8223067";"2020";"5";"01010503";"01.1.1.4.2.00";"IL FORNAIO FORNO DEL CASALE NOBIO TONDA SEMPLICE ALLEGRA GRANELLA FOCACCIA 1 00400 TORTE.PRONTE GR";"FORNO DEL CASALE";"400GR";"Torte Pronte Altre";"TORTE PRONTE";"8015854145014";"222.67";"110";"2.02";"24";"1332.03";"433";"3.08";"100";"-83.2834095328183";"-34.1974211610031";"IL FORNAIO  NOBIO TONDA SEMPLICE ALLEGRA GRANELLA FOCACCIA 1 00400 TORTE.PRONTE GR";"IL FORNAIO FORNO DEL CASALE NOBIO TONDA SEMPLICE ALLEGRA GRANELLA FOCACCIA 1 00400 TORTE.PRONTE GR";"GR";"400";"GR|400";0.999999825321036;"2"
"B";"99477";"5690520";"2020";"5";"01010503";"01.1.1.4.2.00";"IL FORNAIO NOBIO FORNO DEL CASALE STD TONDA SEMPLICE FOCACCIA GLASSA GRANELLA 1 00650 GR TORTE.PRONTE";"FORNO DEL CASALE";"650GR";"Torte Pronte Altre";"TORTE PRONTE";"8015854320756";"56";"16";"3.5";"1";"77";"22";"3.5";"1";"-27.2727272727273";"0";"IL FORNAIO NOBIO  STD TONDA SEMPLICE FOCACCIA GLASSA GRANELLA 1 00650 GR TORTE.PRONTE";"IL FORNAIO NOBIO FORNO DEL CASALE STD TONDA SEMPLICE FOCACCIA GLASSA GRANELLA 1 00650 GR TORTE.PRONTE";"GR";"650";"GR|650";0.999999825321036;"2"
"A";"31";"42484945";"2020";"5";"01010503";"01.1.1.4.2.00";"PALUANI NOBIO PALUANI UOVO COCO E CIOCCOLATO FARC AST CR.COCCO.CIOCCOLATO.SCAGLIETTE COCCO 1 0750 GR TORTERICORRENZA";"PALUANI";"750GR";"Torte Pronte Altre";"TORTE PRONTE";"8002540013207";"497.15";"232";"2.14";"24";"3712.13";"1123";"3.31";"66";"-86.6074194599866";"-35.172982989504";" NOBIO  UOVO COCO E CIOCCOLATO FARC AST CR.COCCO.CIOCCOLATO.SCAGLIETTE COCCO 1 0750 GR TORTERICORRENZA";"PALUANI NOBIO PALUANI UOVO COCO E CIOCCOLATO FARC AST CR.COCCO.CIOCCOLATO.SCAGLIETTE COCCO 1 0750 GR TORTERICORRENZA";"GR";"750";"GR|750";0.964144827988031;"3"
"B";"149463";"49802732";"2020";"5";"01010503";"01.1.1.4.2.00";"PALUANI NOBIO PALUANI DOLCE CUORE FARC AST MIRTILLI ROSSI.GOCCE CIOCCOLATO 1 0160 GR TORTERICORRENZA";"PALUANI";NA;"Torte Pronte Altre";"TORTE PRONTE";"8002540003703";"1702.47";"2067";"0.82";"178";"2374.56";"1678";"1.42";"294";"-28.3037699615929";"-41.7966744052022";" NOBIO  DOLCE CUORE FARC AST MIRTILLI ROSSI.GOCCE CIOCCOLATO 1 0160 GR TORTERICORRENZA";"PALUANI NOBIO PALUANI DOLCE CUORE FARC AST MIRTILLI ROSSI.GOCCE CIOCCOLATO 1 0160 GR TORTERICORRENZA";NA;NA;NA;0.964144827988031;"3"
"A";"202";"59526290";"2020";"5";"01010503";"01.1.1.4.2.00";"MELEGATTI MELEGATTI NOBIO TONDA SEMPLICE DOLCE CLASS FOCACCIA 1 00600 TORTE.PRONTE GR";"MELEGATTI";"600GR";"Torte Pronte Altre";"TORTE PRONTE";"8002630100091";"93.73";"48";"1.95";"9";"2454.92";"875";"2.81";"24";"-96.1819529760644";"-30.4001844595072";"  NOBIO TONDA SEMPLICE DOLCE CLASS FOCACCIA 1 00600 TORTE.PRONTE GR";"MELEGATTI MELEGATTI NOBIO TONDA SEMPLICE DOLCE CLASS FOCACCIA 1 00600 TORTE.PRONTE GR";"GR";"600";"GR|600";0.940103721975703;"2"
"B";"79482";"34588195";"2020";"5";"01010503";"01.1.1.4.2.00";"MELEGATTI NOBIO MELEGATTI LA PASTIERA FARC AST RICOTTA.GRANO SARAC. 1 0400 GR TORTERICORRENZA FACE17";"MELEGATTI";"400GR";"Torte Pronte Altre";"TORTE PRONTE";"8002630010895";"358.21";"322";"1.11";"28";"3423.51";"2172";"1.58";"172";"-89.5367619782037";"-29.4218851449017";" NOBIO  LA PASTIERA FARC AST RICOTTA.GRANO SARAC. 1 0400 GR TORTERICORRENZA FACE17";"MELEGATTI NOBIO MELEGATTI LA PASTIERA FARC AST RICOTTA.GRANO SARAC. 1 0400 GR TORTERICORRENZA FACE17";"GR";"400";"GR|400";0.940103721975703;"2"
